<pkg-contents spec="1.12"><f n="media" o="gazdavidson" g="staff" p="16895" pt="/Users/gazdavidson/svn/irr1.5/media" m="true" t="file"><f n=".svn" o="gazdavidson" g="staff" p="16895" x="true"><f n="all-wcprops" o="gazdavidson" g="staff" p="33060" x="true"/><f n="entries" o="gazdavidson" g="staff" p="33060" x="true"/><f n="format" o="gazdavidson" g="staff" p="33060" x="true"/><f n="prop-base" o="gazdavidson" g="staff" p="16877" x="true"><f n="001shot.jpg.svn-base" o="gazdavidson" g="staff" p="33060" x="true"/><f n="002shot.jpg.svn-base" o="gazdavidson" g="staff" p="33060" x="true"/><f n="003shot.jpg.svn-base" o="gazdavidson" g="staff" p="33060" x="true"/><f n="004shot.jpg.svn-base" o="gazdavidson" g="staff" p="33060" x="true"/><f n="005shot.jpg.svn-base" o="gazdavidson" g="staff" p="33060" x="true"/><f n="006shot.jpg.svn-base" o="gazdavidson" g="staff" p="33060" x="true"/><f n="007shot.jpg.svn-base" o="gazdavidson" g="staff" p="33060" x="true"/><f n="008shot.jpg.svn-base" o="gazdavidson" g="staff" p="33060" x="true"/><f n="009shot.jpg.svn-base" o="gazdavidson" g="staff" p="33060" x="true"/><f n="010shot.jpg.svn-base" o="gazdavidson" g="staff" p="33060" x="true"/><f n="011shot.jpg.svn-base" o="gazdavidson" g="staff" p="33060" x="true"/><f n="012shot.jpg.svn-base" o="gazdavidson" g="staff" p="33060" x="true"/><f n="013shot.jpg.svn-base" o="gazdavidson" g="staff" p="33060" x="true"/><f n="014shot.jpg.svn-base" o="gazdavidson" g="staff" p="33060" x="true"/><f n="015shot.jpg.svn-base" o="gazdavidson" g="staff" p="33060" x="true"/><f n="016shot.jpg.svn-base" o="gazdavidson" g="staff" p="33060" x="true"/><f n="017shot.jpg.svn-base" o="gazdavidson" g="staff" p="33060" x="true"/><f n="018shot.jpg.svn-base" o="gazdavidson" g="staff" p="33060" x="true"/><f n="019shot.jpg.svn-base" o="gazdavidson" g="staff" p="33060" x="true"/><f n="2ddemo.bmp.svn-base" o="gazdavidson" g="staff" p="33060" x="true"/><f n="axe.jpg.svn-base" o="gazdavidson" g="staff" p="33060" x="true"/><f n="ball.wav.svn-base" o="gazdavidson" g="staff" p="33060" x="true"/><f n="bigfont.png.svn-base" o="gazdavidson" g="staff" p="33060" x="true"/><f n="burninglogo.png.svn-base" o="gazdavidson" g="staff" p="33060" x="true"/><f n="demoback.jpg.svn-base" o="gazdavidson" g="staff" p="33060" x="true"/><f n="detailmap3.jpg.svn-base" o="gazdavidson" g="staff" p="33060" x="true"/><f n="directxlogo.png.svn-base" o="gazdavidson" g="staff" p="33060" x="true"/><f n="dotnetback.jpg.svn-base" o="gazdavidson" g="staff" p="33060" x="true"/><f n="dwarf.jpg.svn-base" o="gazdavidson" g="staff" p="33060" x="true"/><f n="earth.bmp.svn-base" o="gazdavidson" g="staff" p="33060" x="true"/><f n="earthbump.bmp.svn-base" o="gazdavidson" g="staff" p="33060" x="true"/><f n="enano.jpg.svn-base" o="gazdavidson" g="staff" p="33060" x="true"/><f n="example.irr.svn-base" o="gazdavidson" g="staff" p="33060" x="true"/><f n="faerie.md2.svn-base" o="gazdavidson" g="staff" p="33060" x="true"/><f n="faerie2.bmp.svn-base" o="gazdavidson" g="staff" p="33060" x="true"/><f n="Faerie5.BMP.svn-base" o="gazdavidson" g="staff" p="33060" x="true"/><f n="fire.bmp.svn-base" o="gazdavidson" g="staff" p="33060" x="true"/><f n="fireball.bmp.svn-base" o="gazdavidson" g="staff" p="33060" x="true"/><f n="fontcourier.bmp.svn-base" o="gazdavidson" g="staff" p="33060" x="true"/><f n="fonthaettenschweiler.bmp.svn-base" o="gazdavidson" g="staff" p="33060" x="true"/><f n="fontlucida.png.svn-base" o="gazdavidson" g="staff" p="33060" x="true"/><f n="help.png.svn-base" o="gazdavidson" g="staff" p="33060" x="true"/><f n="impact.wav.svn-base" o="gazdavidson" g="staff" p="33060" x="true"/><f n="irr.ico.svn-base" o="gazdavidson" g="staff" p="33060" x="true"/><f n="irrlicht.dat.svn-base" o="gazdavidson" g="staff" p="33060" x="true"/><f n="irrlicht2_bk.jpg.svn-base" o="gazdavidson" g="staff" p="33060" x="true"/><f n="irrlicht2_dn.jpg.svn-base" o="gazdavidson" g="staff" p="33060" x="true"/><f n="irrlicht2_ft.jpg.svn-base" o="gazdavidson" g="staff" p="33060" x="true"/><f n="irrlicht2_lf.jpg.svn-base" o="gazdavidson" g="staff" p="33060" x="true"/><f n="irrlicht2_rt.jpg.svn-base" o="gazdavidson" g="staff" p="33060" x="true"/><f n="irrlicht2_up.jpg.svn-base" o="gazdavidson" g="staff" p="33060" x="true"/><f n="irrlichtlogo.BMP.svn-base" o="gazdavidson" g="staff" p="33060" x="true"/><f n="irrlichtlogo.jpg.svn-base" o="gazdavidson" g="staff" p="33060" x="true"/><f n="irrlichtlogo2.png.svn-base" o="gazdavidson" g="staff" p="33060" x="true"/><f n="irrlichtlogoaligned.jpg.svn-base" o="gazdavidson" g="staff" p="33060" x="true"/><f n="irrlichtlogoalpha.tga.svn-base" o="gazdavidson" g="staff" p="33060" x="true"/><f n="irrlichtlogoalpha2.tga.svn-base" o="gazdavidson" g="staff" p="33060" x="true"/><f n="IrrlichtTheme.ogg.svn-base" o="gazdavidson" g="staff" p="33060" x="true"/><f n="lightFalloff.png.svn-base" o="gazdavidson" g="staff" p="33060" x="true"/><f n="lucida.xml.svn-base" o="gazdavidson" g="staff" p="33060" x="true"/><f n="lucida0.png.svn-base" o="gazdavidson" g="staff" p="33060" x="true"/><f n="map-20kdm2.pk3.svn-base" o="gazdavidson" g="staff" p="33060" x="true"/><f n="ninja.b3d.svn-base" o="gazdavidson" g="staff" p="33060" x="true"/><f n="nskinbl.jpg.svn-base" o="gazdavidson" g="staff" p="33060" x="true"/><f n="nskinrd.jpg.svn-base" o="gazdavidson" g="staff" p="33060" x="true"/><f n="open.png.svn-base" o="gazdavidson" g="staff" p="33060" x="true"/><f n="opengllogo.png.svn-base" o="gazdavidson" g="staff" p="33060" x="true"/><f n="particle.bmp.svn-base" o="gazdavidson" g="staff" p="33060" x="true"/><f n="Particle.tga.svn-base" o="gazdavidson" g="staff" p="33060" x="true"/><f n="particlered.bmp.svn-base" o="gazdavidson" g="staff" p="33060" x="true"/><f n="particlewhite.bmp.svn-base" o="gazdavidson" g="staff" p="33060" x="true"/><f n="portal1.bmp.svn-base" o="gazdavidson" g="staff" p="33060" x="true"/><f n="portal2.bmp.svn-base" o="gazdavidson" g="staff" p="33060" x="true"/><f n="portal3.bmp.svn-base" o="gazdavidson" g="staff" p="33060" x="true"/><f n="portal4.bmp.svn-base" o="gazdavidson" g="staff" p="33060" x="true"/><f n="portal5.bmp.svn-base" o="gazdavidson" g="staff" p="33060" x="true"/><f n="portal6.bmp.svn-base" o="gazdavidson" g="staff" p="33060" x="true"/><f n="portal7.bmp.svn-base" o="gazdavidson" g="staff" p="33060" x="true"/><f n="rockwall.bmp.svn-base" o="gazdavidson" g="staff" p="33060" x="true"/><f n="rockwall_height.bmp.svn-base" o="gazdavidson" g="staff" p="33060" x="true"/><f n="room.3ds.svn-base" o="gazdavidson" g="staff" p="33060" x="true"/><f n="rsptnback.jpg.svn-base" o="gazdavidson" g="staff" p="33060" x="true"/><f n="skydome.jpg.svn-base" o="gazdavidson" g="staff" p="33060" x="true"/><f n="smoke.bmp.svn-base" o="gazdavidson" g="staff" p="33060" x="true"/><f n="sphere.3ds.svn-base" o="gazdavidson" g="staff" p="33060" x="true"/><f n="spheremap.jpg.svn-base" o="gazdavidson" g="staff" p="33060" x="true"/><f n="stones.jpg.svn-base" o="gazdavidson" g="staff" p="33060" x="true"/><f n="sydney.bmp.svn-base" o="gazdavidson" g="staff" p="33060" x="true"/><f n="sydney.md2.svn-base" o="gazdavidson" g="staff" p="33060" x="true"/><f n="t351sml.jpg.svn-base" o="gazdavidson" g="staff" p="33060" x="true"/><f n="terrain-heightmap.bmp.svn-base" o="gazdavidson" g="staff" p="33060" x="true"/><f n="terrain-texture.jpg.svn-base" o="gazdavidson" g="staff" p="33060" x="true"/><f n="tools.png.svn-base" o="gazdavidson" g="staff" p="33060" x="true"/><f n="vc6include.jpg.svn-base" o="gazdavidson" g="staff" p="33060" x="true"/><f n="vc6optionsdir.jpg.svn-base" o="gazdavidson" g="staff" p="33060" x="true"/><f n="vcnetinclude.jpg.svn-base" o="gazdavidson" g="staff" p="33060" x="true"/><f n="wall.bmp.svn-base" o="gazdavidson" g="staff" p="33060" x="true"/><f n="wall.jpg.svn-base" o="gazdavidson" g="staff" p="33060" x="true"/><f n="water.jpg.svn-base" o="gazdavidson" g="staff" p="33060" x="true"/><f n="zip.png.svn-base" o="gazdavidson" g="staff" p="33060" x="true"/></f><f n="props" o="gazdavidson" g="staff" p="16877" x="true"/><f n="text-base" o="gazdavidson" g="staff" p="16877" x="true"><f n="001shot.jpg.svn-base" o="gazdavidson" g="staff" p="33060" x="true"/><f n="002shot.jpg.svn-base" o="gazdavidson" g="staff" p="33060" x="true"/><f n="003shot.jpg.svn-base" o="gazdavidson" g="staff" p="33060" x="true"/><f n="004shot.jpg.svn-base" o="gazdavidson" g="staff" p="33060" x="true"/><f n="005shot.jpg.svn-base" o="gazdavidson" g="staff" p="33060" x="true"/><f n="006shot.jpg.svn-base" o="gazdavidson" g="staff" p="33060" x="true"/><f n="007shot.jpg.svn-base" o="gazdavidson" g="staff" p="33060" x="true"/><f n="008shot.jpg.svn-base" o="gazdavidson" g="staff" p="33060" x="true"/><f n="009shot.jpg.svn-base" o="gazdavidson" g="staff" p="33060" x="true"/><f n="010shot.jpg.svn-base" o="gazdavidson" g="staff" p="33060" x="true"/><f n="011shot.jpg.svn-base" o="gazdavidson" g="staff" p="33060" x="true"/><f n="012shot.jpg.svn-base" o="gazdavidson" g="staff" p="33060" x="true"/><f n="013shot.jpg.svn-base" o="gazdavidson" g="staff" p="33060" x="true"/><f n="014shot.jpg.svn-base" o="gazdavidson" g="staff" p="33060" x="true"/><f n="015shot.jpg.svn-base" o="gazdavidson" g="staff" p="33060" x="true"/><f n="016shot.jpg.svn-base" o="gazdavidson" g="staff" p="33060" x="true"/><f n="017shot.jpg.svn-base" o="gazdavidson" g="staff" p="33060" x="true"/><f n="018shot.jpg.svn-base" o="gazdavidson" g="staff" p="33060" x="true"/><f n="019shot.jpg.svn-base" o="gazdavidson" g="staff" p="33060" x="true"/><f n="2ddemo.bmp.svn-base" o="gazdavidson" g="staff" p="33060" x="true"/><f n="axe.jpg.svn-base" o="gazdavidson" g="staff" p="33060" x="true"/><f n="ball.wav.svn-base" o="gazdavidson" g="staff" p="33060" x="true"/><f n="bigfont.png.svn-base" o="gazdavidson" g="staff" p="33060" x="true"/><f n="burninglogo.png.svn-base" o="gazdavidson" g="staff" p="33060" x="true"/><f n="config.xml.svn-base" o="gazdavidson" g="staff" p="33060" x="true"/><f n="d3d8.psh.svn-base" o="gazdavidson" g="staff" p="33060" x="true"/><f n="d3d8.vsh.svn-base" o="gazdavidson" g="staff" p="33060" x="true"/><f n="d3d9.hlsl.svn-base" o="gazdavidson" g="staff" p="33060" x="true"/><f n="d3d9.psh.svn-base" o="gazdavidson" g="staff" p="33060" x="true"/><f n="d3d9.vsh.svn-base" o="gazdavidson" g="staff" p="33060" x="true"/><f n="demoback.jpg.svn-base" o="gazdavidson" g="staff" p="33060" x="true"/><f n="detailmap3.jpg.svn-base" o="gazdavidson" g="staff" p="33060" x="true"/><f n="directxlogo.png.svn-base" o="gazdavidson" g="staff" p="33060" x="true"/><f n="dotnetback.jpg.svn-base" o="gazdavidson" g="staff" p="33060" x="true"/><f n="dwarf-Read-Me.txt.svn-base" o="gazdavidson" g="staff" p="33060" x="true"/><f n="dwarf.jpg.svn-base" o="gazdavidson" g="staff" p="33060" x="true"/><f n="dwarf.x.svn-base" o="gazdavidson" g="staff" p="33060" x="true"/><f n="earth.bmp.svn-base" o="gazdavidson" g="staff" p="33060" x="true"/><f n="earth.x.svn-base" o="gazdavidson" g="staff" p="33060" x="true"/><f n="earthbump.bmp.svn-base" o="gazdavidson" g="staff" p="33060" x="true"/><f n="enano.jpg.svn-base" o="gazdavidson" g="staff" p="33060" x="true"/><f n="example.irr.svn-base" o="gazdavidson" g="staff" p="33060" x="true"/><f n="faerie.md2.svn-base" o="gazdavidson" g="staff" p="33060" x="true"/><f n="faerie2.bmp.svn-base" o="gazdavidson" g="staff" p="33060" x="true"/><f n="Faerie5.BMP.svn-base" o="gazdavidson" g="staff" p="33060" x="true"/><f n="fire.bmp.svn-base" o="gazdavidson" g="staff" p="33060" x="true"/><f n="fireball.bmp.svn-base" o="gazdavidson" g="staff" p="33060" x="true"/><f n="fontcourier.bmp.svn-base" o="gazdavidson" g="staff" p="33060" x="true"/><f n="fonthaettenschweiler.bmp.svn-base" o="gazdavidson" g="staff" p="33060" x="true"/><f n="fontlucida.png.svn-base" o="gazdavidson" g="staff" p="33060" x="true"/><f n="help.png.svn-base" o="gazdavidson" g="staff" p="33060" x="true"/><f n="impact.wav.svn-base" o="gazdavidson" g="staff" p="33060" x="true"/><f n="irr.ico.svn-base" o="gazdavidson" g="staff" p="33060" x="true"/><f n="irrlicht.dat.svn-base" o="gazdavidson" g="staff" p="33060" x="true"/><f n="irrlicht2_bk.jpg.svn-base" o="gazdavidson" g="staff" p="33060" x="true"/><f n="irrlicht2_dn.jpg.svn-base" o="gazdavidson" g="staff" p="33060" x="true"/><f n="irrlicht2_ft.jpg.svn-base" o="gazdavidson" g="staff" p="33060" x="true"/><f n="irrlicht2_lf.jpg.svn-base" o="gazdavidson" g="staff" p="33060" x="true"/><f n="irrlicht2_rt.jpg.svn-base" o="gazdavidson" g="staff" p="33060" x="true"/><f n="irrlicht2_up.jpg.svn-base" o="gazdavidson" g="staff" p="33060" x="true"/><f n="irrlichtlogo.BMP.svn-base" o="gazdavidson" g="staff" p="33060" x="true"/><f n="irrlichtlogo.jpg.svn-base" o="gazdavidson" g="staff" p="33060" x="true"/><f n="irrlichtlogo2.png.svn-base" o="gazdavidson" g="staff" p="33060" x="true"/><f n="irrlichtlogoaligned.jpg.svn-base" o="gazdavidson" g="staff" p="33060" x="true"/><f n="irrlichtlogoalpha.tga.svn-base" o="gazdavidson" g="staff" p="33060" x="true"/><f n="irrlichtlogoalpha2.tga.svn-base" o="gazdavidson" g="staff" p="33060" x="true"/><f n="IrrlichtTheme.ogg.svn-base" o="gazdavidson" g="staff" p="33060" x="true"/><f n="lightFalloff.png.svn-base" o="gazdavidson" g="staff" p="33060" x="true"/><f n="lucida.xml.svn-base" o="gazdavidson" g="staff" p="33060" x="true"/><f n="lucida0.png.svn-base" o="gazdavidson" g="staff" p="33060" x="true"/><f n="map-20kdm2.pk3.svn-base" o="gazdavidson" g="staff" p="33060" x="true"/><f n="map-20kdm2.txt.svn-base" o="gazdavidson" g="staff" p="33060" x="true"/><f n="ninja animation ranges.txt.svn-base" o="gazdavidson" g="staff" p="33060" x="true"/><f n="ninja.b3d.svn-base" o="gazdavidson" g="staff" p="33060" x="true"/><f n="nskinbl.jpg.svn-base" o="gazdavidson" g="staff" p="33060" x="true"/><f n="nskinrd.jpg.svn-base" o="gazdavidson" g="staff" p="33060" x="true"/><f n="open.png.svn-base" o="gazdavidson" g="staff" p="33060" x="true"/><f n="opengl.frag.svn-base" o="gazdavidson" g="staff" p="33060" x="true"/><f n="opengl.psh.svn-base" o="gazdavidson" g="staff" p="33060" x="true"/><f n="opengl.vert.svn-base" o="gazdavidson" g="staff" p="33060" x="true"/><f n="opengl.vsh.svn-base" o="gazdavidson" g="staff" p="33060" x="true"/><f n="opengllogo.png.svn-base" o="gazdavidson" g="staff" p="33060" x="true"/><f n="particle.bmp.svn-base" o="gazdavidson" g="staff" p="33060" x="true"/><f n="Particle.tga.svn-base" o="gazdavidson" g="staff" p="33060" x="true"/><f n="particlered.bmp.svn-base" o="gazdavidson" g="staff" p="33060" x="true"/><f n="particlewhite.bmp.svn-base" o="gazdavidson" g="staff" p="33060" x="true"/><f n="portal1.bmp.svn-base" o="gazdavidson" g="staff" p="33060" x="true"/><f n="portal2.bmp.svn-base" o="gazdavidson" g="staff" p="33060" x="true"/><f n="portal3.bmp.svn-base" o="gazdavidson" g="staff" p="33060" x="true"/><f n="portal4.bmp.svn-base" o="gazdavidson" g="staff" p="33060" x="true"/><f n="portal5.bmp.svn-base" o="gazdavidson" g="staff" p="33060" x="true"/><f n="portal6.bmp.svn-base" o="gazdavidson" g="staff" p="33060" x="true"/><f n="portal7.bmp.svn-base" o="gazdavidson" g="staff" p="33060" x="true"/><f n="rockwall.bmp.svn-base" o="gazdavidson" g="staff" p="33060" x="true"/><f n="rockwall_height.bmp.svn-base" o="gazdavidson" g="staff" p="33060" x="true"/><f n="room.3ds.svn-base" o="gazdavidson" g="staff" p="33060" x="true"/><f n="rsptnback.jpg.svn-base" o="gazdavidson" g="staff" p="33060" x="true"/><f n="skydome.jpg.svn-base" o="gazdavidson" g="staff" p="33060" x="true"/><f n="smoke.bmp.svn-base" o="gazdavidson" g="staff" p="33060" x="true"/><f n="sphere.3ds.svn-base" o="gazdavidson" g="staff" p="33060" x="true"/><f n="spheremap.jpg.svn-base" o="gazdavidson" g="staff" p="33060" x="true"/><f n="stones.jpg.svn-base" o="gazdavidson" g="staff" p="33060" x="true"/><f n="sydney.bmp.svn-base" o="gazdavidson" g="staff" p="33060" x="true"/><f n="sydney.md2.svn-base" o="gazdavidson" g="staff" p="33060" x="true"/><f n="t351sml.jpg.svn-base" o="gazdavidson" g="staff" p="33060" x="true"/><f n="terrain-heightmap.bmp.svn-base" o="gazdavidson" g="staff" p="33060" x="true"/><f n="terrain-texture.jpg.svn-base" o="gazdavidson" g="staff" p="33060" x="true"/><f n="tools.png.svn-base" o="gazdavidson" g="staff" p="33060" x="true"/><f n="vc6include.jpg.svn-base" o="gazdavidson" g="staff" p="33060" x="true"/><f n="vc6optionsdir.jpg.svn-base" o="gazdavidson" g="staff" p="33060" x="true"/><f n="vcnetinclude.jpg.svn-base" o="gazdavidson" g="staff" p="33060" x="true"/><f n="wall.bmp.svn-base" o="gazdavidson" g="staff" p="33060" x="true"/><f n="wall.jpg.svn-base" o="gazdavidson" g="staff" p="33060" x="true"/><f n="water.jpg.svn-base" o="gazdavidson" g="staff" p="33060" x="true"/><f n="zip.png.svn-base" o="gazdavidson" g="staff" p="33060" x="true"/></f><f n="tmp" o="gazdavidson" g="staff" p="16877" x="true"><f n="prop-base" o="gazdavidson" g="staff" p="16877" x="true"/><f n="props" o="gazdavidson" g="staff" p="16877" x="true"/><f n="text-base" o="gazdavidson" g="staff" p="16877" x="true"/></f><mod>mode</mod></f><f n="001shot.jpg" o="gazdavidson" g="staff" p="33206"><mod>mode</mod></f><f n="002shot.jpg" o="gazdavidson" g="staff" p="33206"><mod>mode</mod></f><f n="003shot.jpg" o="gazdavidson" g="staff" p="33206"><mod>mode</mod></f><f n="004shot.jpg" o="gazdavidson" g="staff" p="33206"><mod>mode</mod></f><f n="005shot.jpg" o="gazdavidson" g="staff" p="33206"><mod>mode</mod></f><f n="006shot.jpg" o="gazdavidson" g="staff" p="33206"><mod>mode</mod></f><f n="007shot.jpg" o="gazdavidson" g="staff" p="33206"><mod>mode</mod></f><f n="008shot.jpg" o="gazdavidson" g="staff" p="33206"><mod>mode</mod></f><f n="009shot.jpg" o="gazdavidson" g="staff" p="33206"><mod>mode</mod></f><f n="010shot.jpg" o="gazdavidson" g="staff" p="33206"><mod>mode</mod></f><f n="011shot.jpg" o="gazdavidson" g="staff" p="33206"><mod>mode</mod></f><f n="012shot.jpg" o="gazdavidson" g="staff" p="33206"><mod>mode</mod></f><f n="013shot.jpg" o="gazdavidson" g="staff" p="33206"><mod>mode</mod></f><f n="014shot.jpg" o="gazdavidson" g="staff" p="33206"><mod>mode</mod></f><f n="015shot.jpg" o="gazdavidson" g="staff" p="33206"><mod>mode</mod></f><f n="016shot.jpg" o="gazdavidson" g="staff" p="33206"><mod>mode</mod></f><f n="017shot.jpg" o="gazdavidson" g="staff" p="33206"><mod>mode</mod></f><f n="018shot.jpg" o="gazdavidson" g="staff" p="33206"><mod>mode</mod></f><f n="019shot.jpg" o="gazdavidson" g="staff" p="33206"><mod>mode</mod></f><f n="2ddemo.bmp" o="gazdavidson" g="staff" p="33206"><mod>mode</mod></f><f n="axe.jpg" o="gazdavidson" g="staff" p="33206"><mod>mode</mod></f><f n="ball.wav" o="gazdavidson" g="staff" p="33206" x="true"><mod>mode</mod></f><f n="bigfont.png" o="gazdavidson" g="staff" p="33206"><mod>mode</mod></f><f n="burninglogo.png" o="gazdavidson" g="staff" p="33206"><mod>mode</mod></f><f n="config.xml" o="gazdavidson" g="staff" p="33206"><mod>mode</mod></f><f n="d3d8.psh" o="gazdavidson" g="staff" p="33206"><mod>mode</mod></f><f n="d3d8.vsh" o="gazdavidson" g="staff" p="33206"><mod>mode</mod></f><f n="d3d9.hlsl" o="gazdavidson" g="staff" p="33206"><mod>mode</mod></f><f n="d3d9.psh" o="gazdavidson" g="staff" p="33206"><mod>mode</mod></f><f n="d3d9.vsh" o="gazdavidson" g="staff" p="33206"><mod>mode</mod></f><f n="demoback.jpg" o="gazdavidson" g="staff" p="33206"><mod>mode</mod></f><f n="detailmap3.jpg" o="gazdavidson" g="staff" p="33206"><mod>mode</mod></f><f n="directxlogo.png" o="gazdavidson" g="staff" p="33206"><mod>mode</mod></f><f n="dotnetback.jpg" o="gazdavidson" g="staff" p="33206"><mod>mode</mod></f><f n="dwarf-Read-Me.txt" o="gazdavidson" g="staff" p="33206"><mod>mode</mod></f><f n="dwarf.jpg" o="gazdavidson" g="staff" p="33206"><mod>mode</mod></f><f n="dwarf.x" o="gazdavidson" g="staff" p="33206"><mod>mode</mod></f><f n="earth.bmp" o="gazdavidson" g="staff" p="33206"><mod>mode</mod></f><f n="earth.x" o="gazdavidson" g="staff" p="33206"><mod>mode</mod></f><f n="earthbump.bmp" o="gazdavidson" g="staff" p="33206"><mod>mode</mod></f><f n="enano.jpg" o="gazdavidson" g="staff" p="33206"><mod>mode</mod></f><f n="example.irr" o="gazdavidson" g="staff" p="33206"><mod>mode</mod></f><f n="faerie.md2" o="gazdavidson" g="staff" p="33206"><mod>mode</mod></f><f n="faerie2.bmp" o="gazdavidson" g="staff" p="33206"><mod>mode</mod></f><f n="Faerie5.BMP" o="gazdavidson" g="staff" p="33206"><mod>mode</mod></f><f n="fire.bmp" o="gazdavidson" g="staff" p="33206"><mod>mode</mod></f><f n="fireball.bmp" o="gazdavidson" g="staff" p="33206"><mod>mode</mod></f><f n="fontcourier.bmp" o="gazdavidson" g="staff" p="33206"><mod>mode</mod></f><f n="fonthaettenschweiler.bmp" o="gazdavidson" g="staff" p="33206"><mod>mode</mod></f><f n="fontlucida.png" o="gazdavidson" g="staff" p="33206"><mod>mode</mod></f><f n="help.png" o="gazdavidson" g="staff" p="33206"><mod>mode</mod></f><f n="impact.wav" o="gazdavidson" g="staff" p="33206" x="true"><mod>mode</mod></f><f n="irr.ico" o="gazdavidson" g="staff" p="33206"><mod>mode</mod></f><f n="irrlicht.dat" o="gazdavidson" g="staff" p="33206"><mod>mode</mod></f><f n="irrlicht2_bk.jpg" o="gazdavidson" g="staff" p="33206"><mod>mode</mod></f><f n="irrlicht2_dn.jpg" o="gazdavidson" g="staff" p="33206"><mod>mode</mod></f><f n="irrlicht2_ft.jpg" o="gazdavidson" g="staff" p="33206"><mod>mode</mod></f><f n="irrlicht2_lf.jpg" o="gazdavidson" g="staff" p="33206"><mod>mode</mod></f><f n="irrlicht2_rt.jpg" o="gazdavidson" g="staff" p="33206"><mod>mode</mod></f><f n="irrlicht2_up.jpg" o="gazdavidson" g="staff" p="33206"><mod>mode</mod></f><f n="irrlichtlogo.BMP" o="gazdavidson" g="staff" p="33206"><mod>mode</mod></f><f n="irrlichtlogo.jpg" o="gazdavidson" g="staff" p="33206"><mod>mode</mod></f><f n="irrlichtlogo2.png" o="gazdavidson" g="staff" p="33206"><mod>mode</mod></f><f n="irrlichtlogoaligned.jpg" o="gazdavidson" g="staff" p="33206"><mod>mode</mod></f><f n="irrlichtlogoalpha.tga" o="gazdavidson" g="staff" p="33206"><mod>mode</mod></f><f n="irrlichtlogoalpha2.tga" o="gazdavidson" g="staff" p="33206"><mod>mode</mod></f><f n="IrrlichtTheme.ogg" o="gazdavidson" g="staff" p="33206" x="true"><mod>mode</mod></f><f n="lightFalloff.png" o="gazdavidson" g="staff" p="33206"><mod>mode</mod></f><f n="lucida.xml" o="gazdavidson" g="staff" p="33206"><mod>mode</mod></f><f n="lucida0.png" o="gazdavidson" g="staff" p="33206"><mod>mode</mod></f><f n="map-20kdm2.pk3" o="gazdavidson" g="staff" p="33206"><mod>mode</mod></f><f n="map-20kdm2.txt" o="gazdavidson" g="staff" p="33206"><mod>mode</mod></f><f n="ninja animation ranges.txt" o="gazdavidson" g="staff" p="33206"><mod>mode</mod></f><f n="ninja.b3d" o="gazdavidson" g="staff" p="33206"><mod>mode</mod></f><f n="nskinbl.jpg" o="gazdavidson" g="staff" p="33206"><mod>mode</mod></f><f n="nskinrd.jpg" o="gazdavidson" g="staff" p="33206"><mod>mode</mod></f><f n="open.png" o="gazdavidson" g="staff" p="33206"><mod>mode</mod></f><f n="opengl.frag" o="gazdavidson" g="staff" p="33206"><mod>mode</mod></f><f n="opengl.psh" o="gazdavidson" g="staff" p="33206"><mod>mode</mod></f><f n="opengl.vert" o="gazdavidson" g="staff" p="33206"><mod>mode</mod></f><f n="opengl.vsh" o="gazdavidson" g="staff" p="33206"><mod>mode</mod></f><f n="opengllogo.png" o="gazdavidson" g="staff" p="33206"><mod>mode</mod></f><f n="particle.bmp" o="gazdavidson" g="staff" p="33206"><mod>mode</mod></f><f n="Particle.tga" o="gazdavidson" g="staff" p="33206"><mod>mode</mod></f><f n="particlered.bmp" o="gazdavidson" g="staff" p="33206"><mod>mode</mod></f><f n="particlewhite.bmp" o="gazdavidson" g="staff" p="33206"><mod>mode</mod></f><f n="portal1.bmp" o="gazdavidson" g="staff" p="33206"><mod>mode</mod></f><f n="portal2.bmp" o="gazdavidson" g="staff" p="33206"><mod>mode</mod></f><f n="portal3.bmp" o="gazdavidson" g="staff" p="33206"><mod>mode</mod></f><f n="portal4.bmp" o="gazdavidson" g="staff" p="33206"><mod>mode</mod></f><f n="portal5.bmp" o="gazdavidson" g="staff" p="33206"><mod>mode</mod></f><f n="portal6.bmp" o="gazdavidson" g="staff" p="33206"><mod>mode</mod></f><f n="portal7.bmp" o="gazdavidson" g="staff" p="33206"><mod>mode</mod></f><f n="rockwall.bmp" o="gazdavidson" g="staff" p="33206"><mod>mode</mod></f><f n="rockwall_height.bmp" o="gazdavidson" g="staff" p="33206"><mod>mode</mod></f><f n="room.3ds" o="gazdavidson" g="staff" p="33206"><mod>mode</mod></f><f n="rsptnback.jpg" o="gazdavidson" g="staff" p="33206"><mod>mode</mod></f><f n="skydome.jpg" o="gazdavidson" g="staff" p="33206"><mod>mode</mod></f><f n="smoke.bmp" o="gazdavidson" g="staff" p="33206"><mod>mode</mod></f><f n="sphere.3ds" o="gazdavidson" g="staff" p="33206"><mod>mode</mod></f><f n="spheremap.jpg" o="gazdavidson" g="staff" p="33206"><mod>mode</mod></f><f n="stones.jpg" o="gazdavidson" g="staff" p="33206"><mod>mode</mod></f><f n="sydney.bmp" o="gazdavidson" g="staff" p="33206"><mod>mode</mod></f><f n="sydney.md2" o="gazdavidson" g="staff" p="33206"><mod>mode</mod></f><f n="t351sml.jpg" o="gazdavidson" g="staff" p="33206"><mod>mode</mod></f><f n="terrain-heightmap.bmp" o="gazdavidson" g="staff" p="33206"><mod>mode</mod></f><f n="terrain-texture.jpg" o="gazdavidson" g="staff" p="33206"><mod>mode</mod></f><f n="tools.png" o="gazdavidson" g="staff" p="33206"><mod>mode</mod></f><f n="vc6include.jpg" o="gazdavidson" g="staff" p="33206"><mod>mode</mod></f><f n="vc6optionsdir.jpg" o="gazdavidson" g="staff" p="33206"><mod>mode</mod></f><f n="vcnetinclude.jpg" o="gazdavidson" g="staff" p="33206"><mod>mode</mod></f><f n="wall.bmp" o="gazdavidson" g="staff" p="33206"><mod>mode</mod></f><f n="wall.jpg" o="gazdavidson" g="staff" p="33206"><mod>mode</mod></f><f n="water.jpg" o="gazdavidson" g="staff" p="33206"><mod>mode</mod></f><f n="zip.png" o="gazdavidson" g="staff" p="33206"><mod>mode</mod></f><mod>mode</mod></f></pkg-contents>