<pkgref spec="1.12" uuid="7BFEA82A-1E65-42B8-9B9E-CE0CAD87B27A"><config><identifier>com.irrlicht.irrlichtEngineV151.examples.pkg</identifier><version>1</version><description/><post-install type="none"/><requireAuthorization/><installFrom>/Users/gazdavidson/svn/irr1.5/examples</installFrom><installTo mod="true">/private/tmp/Irrlicht1.5.1-install/examples/</installTo><flags><followSymbolicLinks/></flags><packageStore type="internal"/><mod>parent</mod><mod>installTo.path</mod><mod>installTo</mod></config><contents><file-list>04examples-contents.xml</file-list><component id="com.irrlicht.2DGraphics" path="/Users/gazdavidson/svn/irr1.5/examples/BuildAllExamples.MacOSX/build/Release/2DGraphics.app" version="1.0" isRelocatable="true"><locator-info><token title="pkmk-token-166"><search-rule><combo identifier="com.irrlicht.2DGraphics" default-path="/BuildAllExamples.MacOSX/build/Release/2DGraphics.app"/></search-rule></token></locator-info></component><component id="com.irrlicht.Collision" path="/Users/gazdavidson/svn/irr1.5/examples/BuildAllExamples.MacOSX/build/Release/Collision.app" version="1.0" isRelocatable="true"><locator-info><token title="pkmk-token-170"><search-rule><combo identifier="com.irrlicht.Collision" default-path="/BuildAllExamples.MacOSX/build/Release/Collision.app"/></search-rule></token></locator-info></component><component id="com.irrlicht.CustomSceneNode" path="/Users/gazdavidson/svn/irr1.5/examples/BuildAllExamples.MacOSX/build/Release/CustomSceneNode.app" version="1.0" isRelocatable="true"><locator-info><token title="pkmk-token-174"><search-rule><combo identifier="com.irrlicht.CustomSceneNode" default-path="/BuildAllExamples.MacOSX/build/Release/CustomSceneNode.app"/></search-rule></token></locator-info></component><component id="com.irrlicht.Demo" path="/Users/gazdavidson/svn/irr1.5/examples/BuildAllExamples.MacOSX/build/Release/Demo.app" version="1.0" isRelocatable="true"><locator-info><token title="pkmk-token-178"><search-rule><combo identifier="com.irrlicht.Demo" default-path="/BuildAllExamples.MacOSX/build/Release/Demo.app"/></search-rule></token></locator-info></component><component id="com.irrlicht.GUIEditor" path="/Users/gazdavidson/svn/irr1.5/examples/BuildAllExamples.MacOSX/build/Release/GUIEditor.app" version="1.0" isRelocatable="true"><locator-info><token title="pkmk-token-182"><search-rule><combo identifier="com.irrlicht.GUIEditor" default-path="/BuildAllExamples.MacOSX/build/Release/GUIEditor.app"/></search-rule></token></locator-info></component><component id="com.irrlicht.HelloWorld" path="/Users/gazdavidson/svn/irr1.5/examples/BuildAllExamples.MacOSX/build/Release/HelloWorld.app" version="1.0" isRelocatable="true"><locator-info><token title="pkmk-token-186"><search-rule><combo identifier="com.irrlicht.HelloWorld" default-path="/BuildAllExamples.MacOSX/build/Release/HelloWorld.app"/></search-rule></token></locator-info></component><component id="com.irrlicht.LoadIrrFile" path="/Users/gazdavidson/svn/irr1.5/examples/BuildAllExamples.MacOSX/build/Release/LoadIrrFile.app" version="1.0" isRelocatable="true"><locator-info><token title="pkmk-token-190"><search-rule><combo identifier="com.irrlicht.LoadIrrFile" default-path="/BuildAllExamples.MacOSX/build/Release/LoadIrrFile.app"/></search-rule></token></locator-info></component><component id="com.irrlicht.MeshViewer" path="/Users/gazdavidson/svn/irr1.5/examples/BuildAllExamples.MacOSX/build/Release/MeshViewer.app" version="1.0" isRelocatable="true"><locator-info><token title="pkmk-token-194"><search-rule><combo identifier="com.irrlicht.MeshViewer" default-path="/BuildAllExamples.MacOSX/build/Release/MeshViewer.app"/></search-rule></token></locator-info></component><component id="com.irrlicht.MouseAndJoystick" path="/Users/gazdavidson/svn/irr1.5/examples/BuildAllExamples.MacOSX/build/Release/MouseAndJoystick.app" version="1.0" isRelocatable="true"><locator-info><token title="pkmk-token-198"><search-rule><combo identifier="com.irrlicht.MouseAndJoystick" default-path="/BuildAllExamples.MacOSX/build/Release/MouseAndJoystick.app"/></search-rule></token></locator-info></component><component id="com.irrlicht.Movement" path="/Users/gazdavidson/svn/irr1.5/examples/BuildAllExamples.MacOSX/build/Release/Movement.app" version="1.0" isRelocatable="true"><locator-info><token title="pkmk-token-202"><search-rule><combo identifier="com.irrlicht.Movement" default-path="/BuildAllExamples.MacOSX/build/Release/Movement.app"/></search-rule></token></locator-info></component><component id="com.irrlicht.PerPixelLighting" path="/Users/gazdavidson/svn/irr1.5/examples/BuildAllExamples.MacOSX/build/Release/PerPixelLighting.app" version="1.0" isRelocatable="true"><locator-info><token title="pkmk-token-206"><search-rule><combo identifier="com.irrlicht.PerPixelLighting" default-path="/BuildAllExamples.MacOSX/build/Release/PerPixelLighting.app"/></search-rule></token></locator-info></component><component id="com.irrlicht.Quake3Map" path="/Users/gazdavidson/svn/irr1.5/examples/BuildAllExamples.MacOSX/build/Release/Quake3Map.app" version="1.0" isRelocatable="true"><locator-info><token title="pkmk-token-210"><search-rule><combo identifier="com.irrlicht.Quake3Map" default-path="/BuildAllExamples.MacOSX/build/Release/Quake3Map.app"/></search-rule></token></locator-info></component><component id="com.irrlicht.Quake3Shader" path="/Users/gazdavidson/svn/irr1.5/examples/BuildAllExamples.MacOSX/build/Release/Quake3Shader.app" version="1.0" isRelocatable="true"><locator-info><token title="pkmk-token-214"><search-rule><combo identifier="com.irrlicht.Quake3Shader" default-path="/BuildAllExamples.MacOSX/build/Release/Quake3Shader.app"/></search-rule></token></locator-info></component><component id="com.irrlicht.RenderToTexture" path="/Users/gazdavidson/svn/irr1.5/examples/BuildAllExamples.MacOSX/build/Release/RenderToTexture.app" version="1.0" isRelocatable="true"><locator-info><token title="pkmk-token-218"><search-rule><combo identifier="com.irrlicht.RenderToTexture" default-path="/BuildAllExamples.MacOSX/build/Release/RenderToTexture.app"/></search-rule></token></locator-info></component><component id="com.irrlicht.Shaders" path="/Users/gazdavidson/svn/irr1.5/examples/BuildAllExamples.MacOSX/build/Release/Shaders.app" version="1.0" isRelocatable="true"><locator-info><token title="pkmk-token-222"><search-rule><combo identifier="com.irrlicht.Shaders" default-path="/BuildAllExamples.MacOSX/build/Release/Shaders.app"/></search-rule></token></locator-info></component><component id="com.irrlicht.SpecialFx" path="/Users/gazdavidson/svn/irr1.5/examples/BuildAllExamples.MacOSX/build/Release/SpecialFx.app" version="1.0" isRelocatable="true"><locator-info><token title="pkmk-token-226"><search-rule><combo identifier="com.irrlicht.SpecialFx" default-path="/BuildAllExamples.MacOSX/build/Release/SpecialFx.app"/></search-rule></token></locator-info></component><component id="com.irrlicht.SplitScreen" path="/Users/gazdavidson/svn/irr1.5/examples/BuildAllExamples.MacOSX/build/Release/SplitScreen.app" version="1.0" isRelocatable="true"><locator-info><token title="pkmk-token-230"><search-rule><combo identifier="com.irrlicht.SplitScreen" default-path="/BuildAllExamples.MacOSX/build/Release/SplitScreen.app"/></search-rule></token></locator-info></component><component id="com.irrlicht.TerrainRendering" path="/Users/gazdavidson/svn/irr1.5/examples/BuildAllExamples.MacOSX/build/Release/TerrainRendering.app" version="1.0" isRelocatable="true"><locator-info><token title="pkmk-token-234"><search-rule><combo identifier="com.irrlicht.TerrainRendering" default-path="/BuildAllExamples.MacOSX/build/Release/TerrainRendering.app"/></search-rule></token></locator-info></component><component id="com.irrlicht.UserInterface" path="/Users/gazdavidson/svn/irr1.5/examples/BuildAllExamples.MacOSX/build/Release/UserInterface.app" version="1.0" isRelocatable="true"><locator-info><token title="pkmk-token-238"><search-rule><combo identifier="com.irrlicht.UserInterface" default-path="/BuildAllExamples.MacOSX/build/Release/UserInterface.app"/></search-rule></token></locator-info></component><filter>/CVS$</filter><filter>/\.svn$</filter><filter>/\.cvsignore$</filter><filter>/\.cvspass$</filter><filter>/\.DS_Store$</filter></contents></pkgref>