<pkg-contents spec="1.12"><f n="examples" o="gazdavidson" g="staff" p="16895" pt="/Users/gazdavidson/svn/irr1.5/examples" m="true" t="file"><f n=".DS_Store" o="gazdavidson" g="staff" p="33206" x="true"><mod>mode</mod></f><f n=".svn" o="gazdavidson" g="staff" p="16895" x="true"><f n="all-wcprops" o="gazdavidson" g="staff" p="33060" x="true"/><f n="entries" o="gazdavidson" g="staff" p="33060" x="true"/><f n="format" o="gazdavidson" g="staff" p="33060" x="true"/><f n="prop-base" o="gazdavidson" g="staff" p="16877" x="true"><f n="buildAllExamples.sh.svn-base" o="gazdavidson" g="staff" p="33060" x="true"/><f n="BuildAllExamples_v8.sln.svn-base" o="gazdavidson" g="staff" p="33060" x="true"/></f><f n="props" o="gazdavidson" g="staff" p="16877" x="true"/><f n="text-base" o="gazdavidson" g="staff" p="16877" x="true"><f n="buildAllExamples.sh.svn-base" o="gazdavidson" g="staff" p="33060" x="true"/><f n="BuildAllExamples.workspace.svn-base" o="gazdavidson" g="staff" p="33060" x="true"/><f n="BuildAllExamples_v7.sln.svn-base" o="gazdavidson" g="staff" p="33060" x="true"/><f n="BuildAllExamples_v8.sln.svn-base" o="gazdavidson" g="staff" p="33060" x="true"/><f n="BuildAllExamples_v9.sln.svn-base" o="gazdavidson" g="staff" p="33060" x="true"/><f n="Makefile.svn-base" o="gazdavidson" g="staff" p="33060" x="true"/><f n="whereAreTheBinaries.txt.svn-base" o="gazdavidson" g="staff" p="33060" x="true"/></f><f n="tmp" o="gazdavidson" g="staff" p="16877" x="true"><f n="prop-base" o="gazdavidson" g="staff" p="16877" x="true"/><f n="props" o="gazdavidson" g="staff" p="16877" x="true"/><f n="text-base" o="gazdavidson" g="staff" p="16877" x="true"/></f><mod>mode</mod></f><f n="01.HelloWorld" o="gazdavidson" g="staff" p="16895"><f n=".svn" o="gazdavidson" g="staff" p="16895" x="true"><f n="all-wcprops" o="gazdavidson" g="staff" p="33060" x="true"/><f n="dir-prop-base" o="gazdavidson" g="staff" p="33060" x="true"/><f n="entries" o="gazdavidson" g="staff" p="33060" x="true"/><f n="format" o="gazdavidson" g="staff" p="33060" x="true"/><f n="prop-base" o="gazdavidson" g="staff" p="16877" x="true"/><f n="props" o="gazdavidson" g="staff" p="16877" x="true"/><f n="text-base" o="gazdavidson" g="staff" p="16877" x="true"><f n="example.dev.svn-base" o="gazdavidson" g="staff" p="33060" x="true"/><f n="HelloWorld.cbp.svn-base" o="gazdavidson" g="staff" p="33060" x="true"/><f n="HelloWorld.sln.svn-base" o="gazdavidson" g="staff" p="33060" x="true"/><f n="HelloWorld.vcproj.svn-base" o="gazdavidson" g="staff" p="33060" x="true"/><f n="HelloWorld_vc8.vcproj.svn-base" o="gazdavidson" g="staff" p="33060" x="true"/><f n="HelloWorld_vc9.vcproj.svn-base" o="gazdavidson" g="staff" p="33060" x="true"/><f n="main.cpp.svn-base" o="gazdavidson" g="staff" p="33060" x="true"/><f n="Makefile.svn-base" o="gazdavidson" g="staff" p="33060" x="true"/><f n="tutorial.html.svn-base" o="gazdavidson" g="staff" p="33060" x="true"/></f><f n="tmp" o="gazdavidson" g="staff" p="16877" x="true"><f n="prop-base" o="gazdavidson" g="staff" p="16877" x="true"/><f n="props" o="gazdavidson" g="staff" p="16877" x="true"/><f n="text-base" o="gazdavidson" g="staff" p="16877" x="true"/></f><mod>mode</mod></f><f n="example.dev" o="gazdavidson" g="staff" p="33206" x="true"><mod>mode</mod></f><f n="HelloWorld.cbp" o="gazdavidson" g="staff" p="33206" x="true"><mod>mode</mod></f><f n="HelloWorld.sln" o="gazdavidson" g="staff" p="33206" x="true"><mod>mode</mod></f><f n="HelloWorld.vcproj" o="gazdavidson" g="staff" p="33206" x="true"><mod>mode</mod></f><f n="HelloWorld_vc8.vcproj" o="gazdavidson" g="staff" p="33206" x="true"><mod>mode</mod></f><f n="HelloWorld_vc9.vcproj" o="gazdavidson" g="staff" p="33206" x="true"><mod>mode</mod></f><f n="main.cpp" o="gazdavidson" g="staff" p="33206"><mod>mode</mod></f><f n="Makefile" o="gazdavidson" g="staff" p="33206"><mod>mode</mod></f><f n="tutorial.html" o="gazdavidson" g="staff" p="33206"><mod>mode</mod></f><mod>mode</mod></f><f n="02.Quake3Map" o="gazdavidson" g="staff" p="16895"><f n=".svn" o="gazdavidson" g="staff" p="16895" x="true"><f n="all-wcprops" o="gazdavidson" g="staff" p="33060" x="true"/><f n="dir-prop-base" o="gazdavidson" g="staff" p="33060" x="true"/><f n="entries" o="gazdavidson" g="staff" p="33060" x="true"/><f n="format" o="gazdavidson" g="staff" p="33060" x="true"/><f n="prop-base" o="gazdavidson" g="staff" p="16877" x="true"/><f n="props" o="gazdavidson" g="staff" p="16877" x="true"/><f n="text-base" o="gazdavidson" g="staff" p="16877" x="true"><f n="example.dev.svn-base" o="gazdavidson" g="staff" p="33060" x="true"/><f n="main.cpp.svn-base" o="gazdavidson" g="staff" p="33060" x="true"/><f n="Makefile.svn-base" o="gazdavidson" g="staff" p="33060" x="true"/><f n="Quake3Map.cbp.svn-base" o="gazdavidson" g="staff" p="33060" x="true"/><f n="Quake3Map.sln.svn-base" o="gazdavidson" g="staff" p="33060" x="true"/><f n="Quake3Map.vcproj.svn-base" o="gazdavidson" g="staff" p="33060" x="true"/><f n="Quake3Map_vc8.vcproj.svn-base" o="gazdavidson" g="staff" p="33060" x="true"/><f n="Quake3Map_vc9.vcproj.svn-base" o="gazdavidson" g="staff" p="33060" x="true"/><f n="tutorial.html.svn-base" o="gazdavidson" g="staff" p="33060" x="true"/></f><f n="tmp" o="gazdavidson" g="staff" p="16877" x="true"><f n="prop-base" o="gazdavidson" g="staff" p="16877" x="true"/><f n="props" o="gazdavidson" g="staff" p="16877" x="true"/><f n="text-base" o="gazdavidson" g="staff" p="16877" x="true"/></f><mod>mode</mod></f><f n="example.dev" o="gazdavidson" g="staff" p="33206" x="true"><mod>mode</mod></f><f n="main.cpp" o="gazdavidson" g="staff" p="33206"><mod>mode</mod></f><f n="Makefile" o="gazdavidson" g="staff" p="33206"><mod>mode</mod></f><f n="Quake3Map.cbp" o="gazdavidson" g="staff" p="33206" x="true"><mod>mode</mod></f><f n="Quake3Map.sln" o="gazdavidson" g="staff" p="33206" x="true"><mod>mode</mod></f><f n="Quake3Map.vcproj" o="gazdavidson" g="staff" p="33206" x="true"><mod>mode</mod></f><f n="Quake3Map_vc8.vcproj" o="gazdavidson" g="staff" p="33206" x="true"><mod>mode</mod></f><f n="Quake3Map_vc9.vcproj" o="gazdavidson" g="staff" p="33206" x="true"><mod>mode</mod></f><f n="tutorial.html" o="gazdavidson" g="staff" p="33206"><mod>mode</mod></f><mod>mode</mod></f><f n="03.CustomSceneNode" o="gazdavidson" g="staff" p="16895"><f n=".svn" o="gazdavidson" g="staff" p="16895" x="true"><f n="all-wcprops" o="gazdavidson" g="staff" p="33060" x="true"/><f n="dir-prop-base" o="gazdavidson" g="staff" p="33060" x="true"/><f n="entries" o="gazdavidson" g="staff" p="33060" x="true"/><f n="format" o="gazdavidson" g="staff" p="33060" x="true"/><f n="prop-base" o="gazdavidson" g="staff" p="16877" x="true"/><f n="props" o="gazdavidson" g="staff" p="16877" x="true"/><f n="text-base" o="gazdavidson" g="staff" p="16877" x="true"><f n="CustomSceneNode.cbp.svn-base" o="gazdavidson" g="staff" p="33060" x="true"/><f n="CustomSceneNode.sln.svn-base" o="gazdavidson" g="staff" p="33060" x="true"/><f n="CustomSceneNode.vcproj.svn-base" o="gazdavidson" g="staff" p="33060" x="true"/><f n="CustomSceneNode_vc8.vcproj.svn-base" o="gazdavidson" g="staff" p="33060" x="true"/><f n="CustomSceneNode_vc9.vcproj.svn-base" o="gazdavidson" g="staff" p="33060" x="true"/><f n="example.dev.svn-base" o="gazdavidson" g="staff" p="33060" x="true"/><f n="main.cpp.svn-base" o="gazdavidson" g="staff" p="33060" x="true"/><f n="Makefile.svn-base" o="gazdavidson" g="staff" p="33060" x="true"/><f n="tutorial.html.svn-base" o="gazdavidson" g="staff" p="33060" x="true"/></f><f n="tmp" o="gazdavidson" g="staff" p="16877" x="true"><f n="prop-base" o="gazdavidson" g="staff" p="16877" x="true"/><f n="props" o="gazdavidson" g="staff" p="16877" x="true"/><f n="text-base" o="gazdavidson" g="staff" p="16877" x="true"/></f><mod>mode</mod></f><f n="CustomSceneNode.cbp" o="gazdavidson" g="staff" p="33206" x="true"><mod>mode</mod></f><f n="CustomSceneNode.sln" o="gazdavidson" g="staff" p="33206" x="true"><mod>mode</mod></f><f n="CustomSceneNode.vcproj" o="gazdavidson" g="staff" p="33206" x="true"><mod>mode</mod></f><f n="CustomSceneNode_vc8.vcproj" o="gazdavidson" g="staff" p="33206" x="true"><mod>mode</mod></f><f n="CustomSceneNode_vc9.vcproj" o="gazdavidson" g="staff" p="33206" x="true"><mod>mode</mod></f><f n="example.dev" o="gazdavidson" g="staff" p="33206" x="true"><mod>mode</mod></f><f n="main.cpp" o="gazdavidson" g="staff" p="33206"><mod>mode</mod></f><f n="Makefile" o="gazdavidson" g="staff" p="33206"><mod>mode</mod></f><f n="tutorial.html" o="gazdavidson" g="staff" p="33206"><mod>mode</mod></f><mod>mode</mod></f><f n="04.Movement" o="gazdavidson" g="staff" p="16895"><f n=".svn" o="gazdavidson" g="staff" p="16895" x="true"><f n="all-wcprops" o="gazdavidson" g="staff" p="33060" x="true"/><f n="dir-prop-base" o="gazdavidson" g="staff" p="33060" x="true"/><f n="entries" o="gazdavidson" g="staff" p="33060" x="true"/><f n="format" o="gazdavidson" g="staff" p="33060" x="true"/><f n="prop-base" o="gazdavidson" g="staff" p="16877" x="true"/><f n="props" o="gazdavidson" g="staff" p="16877" x="true"/><f n="text-base" o="gazdavidson" g="staff" p="16877" x="true"><f n="example.dev.svn-base" o="gazdavidson" g="staff" p="33060" x="true"/><f n="main.cpp.svn-base" o="gazdavidson" g="staff" p="33060" x="true"/><f n="Makefile.svn-base" o="gazdavidson" g="staff" p="33060" x="true"/><f n="Movement.cbp.svn-base" o="gazdavidson" g="staff" p="33060" x="true"/><f n="Movement.sln.svn-base" o="gazdavidson" g="staff" p="33060" x="true"/><f n="Movement.vcproj.svn-base" o="gazdavidson" g="staff" p="33060" x="true"/><f n="Movement_vc8.vcproj.svn-base" o="gazdavidson" g="staff" p="33060" x="true"/><f n="Movement_vc9.vcproj.svn-base" o="gazdavidson" g="staff" p="33060" x="true"/><f n="tutorial.html.svn-base" o="gazdavidson" g="staff" p="33060" x="true"/></f><f n="tmp" o="gazdavidson" g="staff" p="16877" x="true"><f n="prop-base" o="gazdavidson" g="staff" p="16877" x="true"/><f n="props" o="gazdavidson" g="staff" p="16877" x="true"/><f n="text-base" o="gazdavidson" g="staff" p="16877" x="true"/></f><mod>mode</mod></f><f n="example.dev" o="gazdavidson" g="staff" p="33206" x="true"><mod>mode</mod></f><f n="main.cpp" o="gazdavidson" g="staff" p="33206"><mod>mode</mod></f><f n="Makefile" o="gazdavidson" g="staff" p="33206"><mod>mode</mod></f><f n="Movement.cbp" o="gazdavidson" g="staff" p="33206" x="true"><mod>mode</mod></f><f n="Movement.sln" o="gazdavidson" g="staff" p="33206" x="true"><mod>mode</mod></f><f n="Movement.vcproj" o="gazdavidson" g="staff" p="33206" x="true"><mod>mode</mod></f><f n="Movement_vc8.vcproj" o="gazdavidson" g="staff" p="33206" x="true"><mod>mode</mod></f><f n="Movement_vc9.vcproj" o="gazdavidson" g="staff" p="33206" x="true"><mod>mode</mod></f><f n="tutorial.html" o="gazdavidson" g="staff" p="33206"><mod>mode</mod></f><mod>mode</mod></f><f n="05.UserInterface" o="gazdavidson" g="staff" p="16895"><f n=".svn" o="gazdavidson" g="staff" p="16895" x="true"><f n="all-wcprops" o="gazdavidson" g="staff" p="33060" x="true"/><f n="dir-prop-base" o="gazdavidson" g="staff" p="33060" x="true"/><f n="entries" o="gazdavidson" g="staff" p="33060" x="true"/><f n="format" o="gazdavidson" g="staff" p="33060" x="true"/><f n="prop-base" o="gazdavidson" g="staff" p="16877" x="true"/><f n="props" o="gazdavidson" g="staff" p="16877" x="true"/><f n="text-base" o="gazdavidson" g="staff" p="16877" x="true"><f n="example.dev.svn-base" o="gazdavidson" g="staff" p="33060" x="true"/><f n="main.cpp.svn-base" o="gazdavidson" g="staff" p="33060" x="true"/><f n="Makefile.svn-base" o="gazdavidson" g="staff" p="33060" x="true"/><f n="tutorial.html.svn-base" o="gazdavidson" g="staff" p="33060" x="true"/><f n="UserInterface.cbp.svn-base" o="gazdavidson" g="staff" p="33060" x="true"/><f n="UserInterface.sln.svn-base" o="gazdavidson" g="staff" p="33060" x="true"/><f n="UserInterface.vcproj.svn-base" o="gazdavidson" g="staff" p="33060" x="true"/><f n="UserInterface_vc8.vcproj.svn-base" o="gazdavidson" g="staff" p="33060" x="true"/><f n="UserInterface_vc9.vcproj.svn-base" o="gazdavidson" g="staff" p="33060" x="true"/></f><f n="tmp" o="gazdavidson" g="staff" p="16877" x="true"><f n="prop-base" o="gazdavidson" g="staff" p="16877" x="true"/><f n="props" o="gazdavidson" g="staff" p="16877" x="true"/><f n="text-base" o="gazdavidson" g="staff" p="16877" x="true"/></f><mod>mode</mod></f><f n="example.dev" o="gazdavidson" g="staff" p="33206" x="true"><mod>mode</mod></f><f n="main.cpp" o="gazdavidson" g="staff" p="33206"><mod>mode</mod></f><f n="Makefile" o="gazdavidson" g="staff" p="33206" x="true"><mod>mode</mod></f><f n="tutorial.html" o="gazdavidson" g="staff" p="33206"><mod>mode</mod></f><f n="UserInterface.cbp" o="gazdavidson" g="staff" p="33206" x="true"><mod>mode</mod></f><f n="UserInterface.sln" o="gazdavidson" g="staff" p="33206" x="true"><mod>mode</mod></f><f n="UserInterface.vcproj" o="gazdavidson" g="staff" p="33206" x="true"><mod>mode</mod></f><f n="UserInterface_vc8.vcproj" o="gazdavidson" g="staff" p="33206" x="true"><mod>mode</mod></f><f n="UserInterface_vc9.vcproj" o="gazdavidson" g="staff" p="33206" x="true"><mod>mode</mod></f><mod>mode</mod></f><f n="06.2DGraphics" o="gazdavidson" g="staff" p="16895"><f n=".svn" o="gazdavidson" g="staff" p="16895" x="true"><f n="all-wcprops" o="gazdavidson" g="staff" p="33060" x="true"/><f n="dir-prop-base" o="gazdavidson" g="staff" p="33060" x="true"/><f n="entries" o="gazdavidson" g="staff" p="33060" x="true"/><f n="format" o="gazdavidson" g="staff" p="33060" x="true"/><f n="prop-base" o="gazdavidson" g="staff" p="16877" x="true"/><f n="props" o="gazdavidson" g="staff" p="16877" x="true"/><f n="text-base" o="gazdavidson" g="staff" p="16877" x="true"><f n="2DGraphics.cbp.svn-base" o="gazdavidson" g="staff" p="33060" x="true"/><f n="2DGraphics.sln.svn-base" o="gazdavidson" g="staff" p="33060" x="true"/><f n="2DGraphics.vcproj.svn-base" o="gazdavidson" g="staff" p="33060" x="true"/><f n="2DGraphics_vc8.vcproj.svn-base" o="gazdavidson" g="staff" p="33060" x="true"/><f n="2DGraphics_vc9.vcproj.svn-base" o="gazdavidson" g="staff" p="33060" x="true"/><f n="example.dev.svn-base" o="gazdavidson" g="staff" p="33060" x="true"/><f n="main.cpp.svn-base" o="gazdavidson" g="staff" p="33060" x="true"/><f n="Makefile.svn-base" o="gazdavidson" g="staff" p="33060" x="true"/><f n="tutorial.html.svn-base" o="gazdavidson" g="staff" p="33060" x="true"/></f><f n="tmp" o="gazdavidson" g="staff" p="16877" x="true"><f n="prop-base" o="gazdavidson" g="staff" p="16877" x="true"/><f n="props" o="gazdavidson" g="staff" p="16877" x="true"/><f n="text-base" o="gazdavidson" g="staff" p="16877" x="true"/></f><mod>mode</mod></f><f n="2DGraphics.cbp" o="gazdavidson" g="staff" p="33206" x="true"><mod>mode</mod></f><f n="2DGraphics.sln" o="gazdavidson" g="staff" p="33206" x="true"><mod>mode</mod></f><f n="2DGraphics.vcproj" o="gazdavidson" g="staff" p="33206" x="true"><mod>mode</mod></f><f n="2DGraphics_vc8.vcproj" o="gazdavidson" g="staff" p="33206" x="true"><mod>mode</mod></f><f n="2DGraphics_vc9.vcproj" o="gazdavidson" g="staff" p="33206" x="true"><mod>mode</mod></f><f n="example.dev" o="gazdavidson" g="staff" p="33206" x="true"><mod>mode</mod></f><f n="main.cpp" o="gazdavidson" g="staff" p="33206"><mod>mode</mod></f><f n="Makefile" o="gazdavidson" g="staff" p="33206"><mod>mode</mod></f><f n="tutorial.html" o="gazdavidson" g="staff" p="33206"><mod>mode</mod></f><mod>mode</mod></f><f n="07.Collision" o="gazdavidson" g="staff" p="16895"><f n=".svn" o="gazdavidson" g="staff" p="16895" x="true"><f n="all-wcprops" o="gazdavidson" g="staff" p="33060" x="true"/><f n="dir-prop-base" o="gazdavidson" g="staff" p="33060" x="true"/><f n="entries" o="gazdavidson" g="staff" p="33060" x="true"/><f n="format" o="gazdavidson" g="staff" p="33060" x="true"/><f n="prop-base" o="gazdavidson" g="staff" p="16877" x="true"/><f n="props" o="gazdavidson" g="staff" p="16877" x="true"/><f n="text-base" o="gazdavidson" g="staff" p="16877" x="true"><f n="Collision.cbp.svn-base" o="gazdavidson" g="staff" p="33060" x="true"/><f n="Collision.sln.svn-base" o="gazdavidson" g="staff" p="33060" x="true"/><f n="Collision.vcproj.svn-base" o="gazdavidson" g="staff" p="33060" x="true"/><f n="Collision_vc8.vcproj.svn-base" o="gazdavidson" g="staff" p="33060" x="true"/><f n="Collision_vc9.vcproj.svn-base" o="gazdavidson" g="staff" p="33060" x="true"/><f n="example.dev.svn-base" o="gazdavidson" g="staff" p="33060" x="true"/><f n="main.cpp.svn-base" o="gazdavidson" g="staff" p="33060" x="true"/><f n="Makefile.svn-base" o="gazdavidson" g="staff" p="33060" x="true"/><f n="tutorial.html.svn-base" o="gazdavidson" g="staff" p="33060" x="true"/></f><f n="tmp" o="gazdavidson" g="staff" p="16877" x="true"><f n="prop-base" o="gazdavidson" g="staff" p="16877" x="true"/><f n="props" o="gazdavidson" g="staff" p="16877" x="true"/><f n="text-base" o="gazdavidson" g="staff" p="16877" x="true"/></f><mod>mode</mod></f><f n="Collision.cbp" o="gazdavidson" g="staff" p="33206" x="true"><mod>mode</mod></f><f n="Collision.sln" o="gazdavidson" g="staff" p="33206" x="true"><mod>mode</mod></f><f n="Collision.vcproj" o="gazdavidson" g="staff" p="33206" x="true"><mod>mode</mod></f><f n="Collision_vc8.vcproj" o="gazdavidson" g="staff" p="33206" x="true"><mod>mode</mod></f><f n="Collision_vc9.vcproj" o="gazdavidson" g="staff" p="33206" x="true"><mod>mode</mod></f><f n="example.dev" o="gazdavidson" g="staff" p="33206" x="true"><mod>mode</mod></f><f n="main.cpp" o="gazdavidson" g="staff" p="33206"><mod>mode</mod></f><f n="Makefile" o="gazdavidson" g="staff" p="33206"><mod>mode</mod></f><f n="tutorial.html" o="gazdavidson" g="staff" p="33206"><mod>mode</mod></f><mod>mode</mod></f><f n="08.SpecialFX" o="gazdavidson" g="staff" p="16895"><f n=".svn" o="gazdavidson" g="staff" p="16895" x="true"><f n="all-wcprops" o="gazdavidson" g="staff" p="33060" x="true"/><f n="dir-prop-base" o="gazdavidson" g="staff" p="33060" x="true"/><f n="entries" o="gazdavidson" g="staff" p="33060" x="true"/><f n="format" o="gazdavidson" g="staff" p="33060" x="true"/><f n="prop-base" o="gazdavidson" g="staff" p="16877" x="true"/><f n="props" o="gazdavidson" g="staff" p="16877" x="true"/><f n="text-base" o="gazdavidson" g="staff" p="16877" x="true"><f n="example.dev.svn-base" o="gazdavidson" g="staff" p="33060" x="true"/><f n="main.cpp.svn-base" o="gazdavidson" g="staff" p="33060" x="true"/><f n="Makefile.svn-base" o="gazdavidson" g="staff" p="33060" x="true"/><f n="SpecialFX.cbp.svn-base" o="gazdavidson" g="staff" p="33060" x="true"/><f n="SpecialFX.sln.svn-base" o="gazdavidson" g="staff" p="33060" x="true"/><f n="SpecialFX.vcproj.svn-base" o="gazdavidson" g="staff" p="33060" x="true"/><f n="SpecialFX_vc8.vcproj.svn-base" o="gazdavidson" g="staff" p="33060" x="true"/><f n="SpecialFX_vc9.vcproj.svn-base" o="gazdavidson" g="staff" p="33060" x="true"/><f n="tutorial.html.svn-base" o="gazdavidson" g="staff" p="33060" x="true"/></f><f n="tmp" o="gazdavidson" g="staff" p="16877" x="true"><f n="prop-base" o="gazdavidson" g="staff" p="16877" x="true"/><f n="props" o="gazdavidson" g="staff" p="16877" x="true"/><f n="text-base" o="gazdavidson" g="staff" p="16877" x="true"/></f><mod>mode</mod></f><f n="example.dev" o="gazdavidson" g="staff" p="33206" x="true"><mod>mode</mod></f><f n="main.cpp" o="gazdavidson" g="staff" p="33206"><mod>mode</mod></f><f n="Makefile" o="gazdavidson" g="staff" p="33206"><mod>mode</mod></f><f n="SpecialFX.cbp" o="gazdavidson" g="staff" p="33206" x="true"><mod>mode</mod></f><f n="SpecialFX.sln" o="gazdavidson" g="staff" p="33206" x="true"><mod>mode</mod></f><f n="SpecialFX.vcproj" o="gazdavidson" g="staff" p="33206" x="true"><mod>mode</mod></f><f n="SpecialFX_vc8.vcproj" o="gazdavidson" g="staff" p="33206" x="true"><mod>mode</mod></f><f n="SpecialFX_vc9.vcproj" o="gazdavidson" g="staff" p="33206" x="true"><mod>mode</mod></f><f n="tutorial.html" o="gazdavidson" g="staff" p="33206"><mod>mode</mod></f><mod>mode</mod></f><f n="09.Meshviewer" o="gazdavidson" g="staff" p="16895"><f n=".svn" o="gazdavidson" g="staff" p="16895" x="true"><f n="all-wcprops" o="gazdavidson" g="staff" p="33060" x="true"/><f n="dir-prop-base" o="gazdavidson" g="staff" p="33060" x="true"/><f n="entries" o="gazdavidson" g="staff" p="33060" x="true"/><f n="format" o="gazdavidson" g="staff" p="33060" x="true"/><f n="prop-base" o="gazdavidson" g="staff" p="16877" x="true"><f n="icon.ico.svn-base" o="gazdavidson" g="staff" p="33060" x="true"/></f><f n="props" o="gazdavidson" g="staff" p="16877" x="true"/><f n="text-base" o="gazdavidson" g="staff" p="16877" x="true"><f n="9.Meshviewer.rc.svn-base" o="gazdavidson" g="staff" p="33060" x="true"/><f n="example.dev.svn-base" o="gazdavidson" g="staff" p="33060" x="true"/><f n="icon.ico.svn-base" o="gazdavidson" g="staff" p="33060" x="true"/><f n="main.cpp.svn-base" o="gazdavidson" g="staff" p="33060" x="true"/><f n="Makefile.svn-base" o="gazdavidson" g="staff" p="33060" x="true"/><f n="Meshviewer.cbp.svn-base" o="gazdavidson" g="staff" p="33060" x="true"/><f n="Meshviewer.sln.svn-base" o="gazdavidson" g="staff" p="33060" x="true"/><f n="Meshviewer.vcproj.svn-base" o="gazdavidson" g="staff" p="33060" x="true"/><f n="Meshviewer_vc8.vcproj.svn-base" o="gazdavidson" g="staff" p="33060" x="true"/><f n="Meshviewer_vc9.vcproj.svn-base" o="gazdavidson" g="staff" p="33060" x="true"/><f n="resource.h.svn-base" o="gazdavidson" g="staff" p="33060" x="true"/><f n="tutorial.html.svn-base" o="gazdavidson" g="staff" p="33060" x="true"/></f><f n="tmp" o="gazdavidson" g="staff" p="16877" x="true"><f n="prop-base" o="gazdavidson" g="staff" p="16877" x="true"/><f n="props" o="gazdavidson" g="staff" p="16877" x="true"/><f n="text-base" o="gazdavidson" g="staff" p="16877" x="true"/></f><mod>mode</mod></f><f n="9.Meshviewer.rc" o="gazdavidson" g="staff" p="33206" x="true"><mod>mode</mod></f><f n="example.dev" o="gazdavidson" g="staff" p="33206" x="true"><mod>mode</mod></f><f n="icon.ico" o="gazdavidson" g="staff" p="33206" x="true"><mod>mode</mod></f><f n="main.cpp" o="gazdavidson" g="staff" p="33206"><mod>mode</mod></f><f n="Makefile" o="gazdavidson" g="staff" p="33206"><mod>mode</mod></f><f n="Meshviewer.cbp" o="gazdavidson" g="staff" p="33206" x="true"><mod>mode</mod></f><f n="Meshviewer.sln" o="gazdavidson" g="staff" p="33206" x="true"><mod>mode</mod></f><f n="Meshviewer.vcproj" o="gazdavidson" g="staff" p="33206" x="true"><mod>mode</mod></f><f n="Meshviewer_vc8.vcproj" o="gazdavidson" g="staff" p="33206" x="true"><mod>mode</mod></f><f n="Meshviewer_vc9.vcproj" o="gazdavidson" g="staff" p="33206" x="true"><mod>mode</mod></f><f n="resource.h" o="gazdavidson" g="staff" p="33206" x="true"><mod>mode</mod></f><f n="tutorial.html" o="gazdavidson" g="staff" p="33206"><mod>mode</mod></f><mod>mode</mod></f><f n="10.Shaders" o="gazdavidson" g="staff" p="16895"><f n=".svn" o="gazdavidson" g="staff" p="16895" x="true"><f n="all-wcprops" o="gazdavidson" g="staff" p="33060" x="true"/><f n="dir-prop-base" o="gazdavidson" g="staff" p="33060" x="true"/><f n="entries" o="gazdavidson" g="staff" p="33060" x="true"/><f n="format" o="gazdavidson" g="staff" p="33060" x="true"/><f n="prop-base" o="gazdavidson" g="staff" p="16877" x="true"/><f n="props" o="gazdavidson" g="staff" p="16877" x="true"/><f n="text-base" o="gazdavidson" g="staff" p="16877" x="true"><f n="example.dev.svn-base" o="gazdavidson" g="staff" p="33060" x="true"/><f n="main.cpp.svn-base" o="gazdavidson" g="staff" p="33060" x="true"/><f n="Makefile.svn-base" o="gazdavidson" g="staff" p="33060" x="true"/><f n="Shaders.cbp.svn-base" o="gazdavidson" g="staff" p="33060" x="true"/><f n="Shaders.sln.svn-base" o="gazdavidson" g="staff" p="33060" x="true"/><f n="Shaders.vcproj.svn-base" o="gazdavidson" g="staff" p="33060" x="true"/><f n="Shaders_vc8.vcproj.svn-base" o="gazdavidson" g="staff" p="33060" x="true"/><f n="Shaders_vc9.vcproj.svn-base" o="gazdavidson" g="staff" p="33060" x="true"/><f n="tutorial.html.svn-base" o="gazdavidson" g="staff" p="33060" x="true"/></f><f n="tmp" o="gazdavidson" g="staff" p="16877" x="true"><f n="prop-base" o="gazdavidson" g="staff" p="16877" x="true"/><f n="props" o="gazdavidson" g="staff" p="16877" x="true"/><f n="text-base" o="gazdavidson" g="staff" p="16877" x="true"/></f><mod>mode</mod></f><f n="example.dev" o="gazdavidson" g="staff" p="33206" x="true"><mod>mode</mod></f><f n="main.cpp" o="gazdavidson" g="staff" p="33206"><mod>mode</mod></f><f n="Makefile" o="gazdavidson" g="staff" p="33206"><mod>mode</mod></f><f n="Shaders.cbp" o="gazdavidson" g="staff" p="33206" x="true"><mod>mode</mod></f><f n="Shaders.sln" o="gazdavidson" g="staff" p="33206" x="true"><mod>mode</mod></f><f n="Shaders.vcproj" o="gazdavidson" g="staff" p="33206" x="true"><mod>mode</mod></f><f n="Shaders_vc8.vcproj" o="gazdavidson" g="staff" p="33206" x="true"><mod>mode</mod></f><f n="Shaders_vc9.vcproj" o="gazdavidson" g="staff" p="33206" x="true"><mod>mode</mod></f><f n="tutorial.html" o="gazdavidson" g="staff" p="33206"><mod>mode</mod></f><mod>mode</mod></f><f n="11.PerPixelLighting" o="gazdavidson" g="staff" p="16895"><f n=".svn" o="gazdavidson" g="staff" p="16895" x="true"><f n="all-wcprops" o="gazdavidson" g="staff" p="33060" x="true"/><f n="dir-prop-base" o="gazdavidson" g="staff" p="33060" x="true"/><f n="entries" o="gazdavidson" g="staff" p="33060" x="true"/><f n="format" o="gazdavidson" g="staff" p="33060" x="true"/><f n="prop-base" o="gazdavidson" g="staff" p="16877" x="true"/><f n="props" o="gazdavidson" g="staff" p="16877" x="true"/><f n="text-base" o="gazdavidson" g="staff" p="16877" x="true"><f n="example.dev.svn-base" o="gazdavidson" g="staff" p="33060" x="true"/><f n="main.cpp.svn-base" o="gazdavidson" g="staff" p="33060" x="true"/><f n="Makefile.svn-base" o="gazdavidson" g="staff" p="33060" x="true"/><f n="PerPixelLighting.cbp.svn-base" o="gazdavidson" g="staff" p="33060" x="true"/><f n="PerPixelLighting.sln.svn-base" o="gazdavidson" g="staff" p="33060" x="true"/><f n="PerPixelLighting.vcproj.svn-base" o="gazdavidson" g="staff" p="33060" x="true"/><f n="PerPixelLighting_vc8.vcproj.svn-base" o="gazdavidson" g="staff" p="33060" x="true"/><f n="PerPixelLighting_vc9.vcproj.svn-base" o="gazdavidson" g="staff" p="33060" x="true"/><f n="tutorial.html.svn-base" o="gazdavidson" g="staff" p="33060" x="true"/></f><f n="tmp" o="gazdavidson" g="staff" p="16877" x="true"><f n="prop-base" o="gazdavidson" g="staff" p="16877" x="true"/><f n="props" o="gazdavidson" g="staff" p="16877" x="true"/><f n="text-base" o="gazdavidson" g="staff" p="16877" x="true"/></f><mod>mode</mod></f><f n="example.dev" o="gazdavidson" g="staff" p="33206" x="true"><mod>mode</mod></f><f n="main.cpp" o="gazdavidson" g="staff" p="33206"><mod>mode</mod></f><f n="Makefile" o="gazdavidson" g="staff" p="33206"><mod>mode</mod></f><f n="PerPixelLighting.cbp" o="gazdavidson" g="staff" p="33206" x="true"><mod>mode</mod></f><f n="PerPixelLighting.sln" o="gazdavidson" g="staff" p="33206" x="true"><mod>mode</mod></f><f n="PerPixelLighting.vcproj" o="gazdavidson" g="staff" p="33206" x="true"><mod>mode</mod></f><f n="PerPixelLighting_vc8.vcproj" o="gazdavidson" g="staff" p="33206" x="true"><mod>mode</mod></f><f n="PerPixelLighting_vc9.vcproj" o="gazdavidson" g="staff" p="33206" x="true"><mod>mode</mod></f><f n="tutorial.html" o="gazdavidson" g="staff" p="33206"><mod>mode</mod></f><mod>mode</mod></f><f n="12.TerrainRendering" o="gazdavidson" g="staff" p="16895"><f n=".svn" o="gazdavidson" g="staff" p="16895" x="true"><f n="all-wcprops" o="gazdavidson" g="staff" p="33060" x="true"/><f n="dir-prop-base" o="gazdavidson" g="staff" p="33060" x="true"/><f n="entries" o="gazdavidson" g="staff" p="33060" x="true"/><f n="format" o="gazdavidson" g="staff" p="33060" x="true"/><f n="prop-base" o="gazdavidson" g="staff" p="16877" x="true"/><f n="props" o="gazdavidson" g="staff" p="16877" x="true"/><f n="text-base" o="gazdavidson" g="staff" p="16877" x="true"><f n="example.dev.svn-base" o="gazdavidson" g="staff" p="33060" x="true"/><f n="main.cpp.svn-base" o="gazdavidson" g="staff" p="33060" x="true"/><f n="Makefile.svn-base" o="gazdavidson" g="staff" p="33060" x="true"/><f n="TerrainRendering.cbp.svn-base" o="gazdavidson" g="staff" p="33060" x="true"/><f n="TerrainRendering.sln.svn-base" o="gazdavidson" g="staff" p="33060" x="true"/><f n="TerrainRendering.vcproj.svn-base" o="gazdavidson" g="staff" p="33060" x="true"/><f n="TerrainRendering_vc8.vcproj.svn-base" o="gazdavidson" g="staff" p="33060" x="true"/><f n="TerrainRendering_vc9.vcproj.svn-base" o="gazdavidson" g="staff" p="33060" x="true"/><f n="tutorial.html.svn-base" o="gazdavidson" g="staff" p="33060" x="true"/></f><f n="tmp" o="gazdavidson" g="staff" p="16877" x="true"><f n="prop-base" o="gazdavidson" g="staff" p="16877" x="true"/><f n="props" o="gazdavidson" g="staff" p="16877" x="true"/><f n="text-base" o="gazdavidson" g="staff" p="16877" x="true"/></f><mod>mode</mod></f><f n="example.dev" o="gazdavidson" g="staff" p="33206" x="true"><mod>mode</mod></f><f n="main.cpp" o="gazdavidson" g="staff" p="33206"><mod>mode</mod></f><f n="Makefile" o="gazdavidson" g="staff" p="33206"><mod>mode</mod></f><f n="TerrainRendering.cbp" o="gazdavidson" g="staff" p="33206" x="true"><mod>mode</mod></f><f n="TerrainRendering.sln" o="gazdavidson" g="staff" p="33206" x="true"><mod>mode</mod></f><f n="TerrainRendering.vcproj" o="gazdavidson" g="staff" p="33206" x="true"><mod>mode</mod></f><f n="TerrainRendering_vc8.vcproj" o="gazdavidson" g="staff" p="33206" x="true"><mod>mode</mod></f><f n="TerrainRendering_vc9.vcproj" o="gazdavidson" g="staff" p="33206" x="true"><mod>mode</mod></f><f n="tutorial.html" o="gazdavidson" g="staff" p="33206"><mod>mode</mod></f><mod>mode</mod></f><f n="13.RenderToTexture" o="gazdavidson" g="staff" p="16895"><f n=".svn" o="gazdavidson" g="staff" p="16895" x="true"><f n="all-wcprops" o="gazdavidson" g="staff" p="33060" x="true"/><f n="dir-prop-base" o="gazdavidson" g="staff" p="33060" x="true"/><f n="entries" o="gazdavidson" g="staff" p="33060" x="true"/><f n="format" o="gazdavidson" g="staff" p="33060" x="true"/><f n="prop-base" o="gazdavidson" g="staff" p="16877" x="true"/><f n="props" o="gazdavidson" g="staff" p="16877" x="true"/><f n="text-base" o="gazdavidson" g="staff" p="16877" x="true"><f n="example.dev.svn-base" o="gazdavidson" g="staff" p="33060" x="true"/><f n="main.cpp.svn-base" o="gazdavidson" g="staff" p="33060" x="true"/><f n="Makefile.svn-base" o="gazdavidson" g="staff" p="33060" x="true"/><f n="RenderToTexture.cbp.svn-base" o="gazdavidson" g="staff" p="33060" x="true"/><f n="RenderToTexture.sln.svn-base" o="gazdavidson" g="staff" p="33060" x="true"/><f n="RenderToTexture.vcproj.svn-base" o="gazdavidson" g="staff" p="33060" x="true"/><f n="RenderToTexture_vc8.vcproj.svn-base" o="gazdavidson" g="staff" p="33060" x="true"/><f n="RenderToTexture_vc9.vcproj.svn-base" o="gazdavidson" g="staff" p="33060" x="true"/><f n="tutorial.html.svn-base" o="gazdavidson" g="staff" p="33060" x="true"/></f><f n="tmp" o="gazdavidson" g="staff" p="16877" x="true"><f n="prop-base" o="gazdavidson" g="staff" p="16877" x="true"/><f n="props" o="gazdavidson" g="staff" p="16877" x="true"/><f n="text-base" o="gazdavidson" g="staff" p="16877" x="true"/></f><mod>mode</mod></f><f n="example.dev" o="gazdavidson" g="staff" p="33206" x="true"><mod>mode</mod></f><f n="main.cpp" o="gazdavidson" g="staff" p="33206"><mod>mode</mod></f><f n="Makefile" o="gazdavidson" g="staff" p="33206"><mod>mode</mod></f><f n="RenderToTexture.cbp" o="gazdavidson" g="staff" p="33206" x="true"><mod>mode</mod></f><f n="RenderToTexture.sln" o="gazdavidson" g="staff" p="33206" x="true"><mod>mode</mod></f><f n="RenderToTexture.vcproj" o="gazdavidson" g="staff" p="33206" x="true"><mod>mode</mod></f><f n="RenderToTexture_vc8.vcproj" o="gazdavidson" g="staff" p="33206" x="true"><mod>mode</mod></f><f n="RenderToTexture_vc9.vcproj" o="gazdavidson" g="staff" p="33206" x="true"><mod>mode</mod></f><f n="tutorial.html" o="gazdavidson" g="staff" p="33206"><mod>mode</mod></f><mod>mode</mod></f><f n="14.Win32Window" o="gazdavidson" g="staff" p="16895"><f n=".svn" o="gazdavidson" g="staff" p="16895"><f n="all-wcprops" o="gazdavidson" g="staff" p="33060"/><f n="dir-prop-base" o="gazdavidson" g="staff" p="33060"/><f n="entries" o="gazdavidson" g="staff" p="33060"/><f n="format" o="gazdavidson" g="staff" p="33060"/><f n="prop-base" o="gazdavidson" g="staff" p="16877"/><f n="props" o="gazdavidson" g="staff" p="16877"/><f n="text-base" o="gazdavidson" g="staff" p="16877"><f n="example.dev.svn-base" o="gazdavidson" g="staff" p="33060"/><f n="main.cpp.svn-base" o="gazdavidson" g="staff" p="33060"/><f n="Makefile.svn-base" o="gazdavidson" g="staff" p="33060"/><f n="tutorial.html.svn-base" o="gazdavidson" g="staff" p="33060"/><f n="Win32Window.cbp.svn-base" o="gazdavidson" g="staff" p="33060"/><f n="Win32Window.sln.svn-base" o="gazdavidson" g="staff" p="33060"/><f n="Win32Window.vcproj.svn-base" o="gazdavidson" g="staff" p="33060"/><f n="Win32Window_vc8.vcproj.svn-base" o="gazdavidson" g="staff" p="33060"/><f n="Win32Window_vc9.vcproj.svn-base" o="gazdavidson" g="staff" p="33060"/></f><f n="tmp" o="gazdavidson" g="staff" p="16877"><f n="prop-base" o="gazdavidson" g="staff" p="16877"/><f n="props" o="gazdavidson" g="staff" p="16877"/><f n="text-base" o="gazdavidson" g="staff" p="16877"/></f><mod>mode</mod></f><f n="example.dev" o="gazdavidson" g="staff" p="33206" x="true"><mod>mode</mod></f><f n="main.cpp" o="gazdavidson" g="staff" p="33206"><mod>mode</mod></f><f n="Makefile" o="gazdavidson" g="staff" p="33206"><mod>mode</mod></f><f n="tutorial.html" o="gazdavidson" g="staff" p="33206"><mod>mode</mod></f><f n="Win32Window.cbp" o="gazdavidson" g="staff" p="33206" x="true"><mod>mode</mod></f><f n="Win32Window.sln" o="gazdavidson" g="staff" p="33206" x="true"><mod>mode</mod></f><f n="Win32Window.vcproj" o="gazdavidson" g="staff" p="33206" x="true"><mod>mode</mod></f><f n="Win32Window_vc8.vcproj" o="gazdavidson" g="staff" p="33206" x="true"><mod>mode</mod></f><f n="Win32Window_vc9.vcproj" o="gazdavidson" g="staff" p="33206" x="true"><mod>mode</mod></f><mod>mode</mod></f><f n="15.LoadIrrFile" o="gazdavidson" g="staff" p="16895"><f n=".svn" o="gazdavidson" g="staff" p="16895" x="true"><f n="all-wcprops" o="gazdavidson" g="staff" p="33060" x="true"/><f n="dir-prop-base" o="gazdavidson" g="staff" p="33060" x="true"/><f n="entries" o="gazdavidson" g="staff" p="33060" x="true"/><f n="format" o="gazdavidson" g="staff" p="33060" x="true"/><f n="prop-base" o="gazdavidson" g="staff" p="16877" x="true"/><f n="props" o="gazdavidson" g="staff" p="16877" x="true"/><f n="text-base" o="gazdavidson" g="staff" p="16877" x="true"><f n="example.dev.svn-base" o="gazdavidson" g="staff" p="33060" x="true"/><f n="LoadIrrFile.cbp.svn-base" o="gazdavidson" g="staff" p="33060" x="true"/><f n="LoadIrrFile.sln.svn-base" o="gazdavidson" g="staff" p="33060" x="true"/><f n="LoadIrrFile.vcproj.svn-base" o="gazdavidson" g="staff" p="33060" x="true"/><f n="LoadIrrFile_vc8.vcproj.svn-base" o="gazdavidson" g="staff" p="33060" x="true"/><f n="LoadIrrFile_vc9.vcproj.svn-base" o="gazdavidson" g="staff" p="33060" x="true"/><f n="main.cpp.svn-base" o="gazdavidson" g="staff" p="33060" x="true"/><f n="Makefile.svn-base" o="gazdavidson" g="staff" p="33060" x="true"/><f n="tutorial.html.svn-base" o="gazdavidson" g="staff" p="33060" x="true"/></f><f n="tmp" o="gazdavidson" g="staff" p="16877" x="true"><f n="prop-base" o="gazdavidson" g="staff" p="16877" x="true"/><f n="props" o="gazdavidson" g="staff" p="16877" x="true"/><f n="text-base" o="gazdavidson" g="staff" p="16877" x="true"/></f><mod>mode</mod></f><f n="example.dev" o="gazdavidson" g="staff" p="33206" x="true"><mod>mode</mod></f><f n="LoadIrrFile.cbp" o="gazdavidson" g="staff" p="33206" x="true"><mod>mode</mod></f><f n="LoadIrrFile.sln" o="gazdavidson" g="staff" p="33206" x="true"><mod>mode</mod></f><f n="LoadIrrFile.vcproj" o="gazdavidson" g="staff" p="33206" x="true"><mod>mode</mod></f><f n="LoadIrrFile_vc8.vcproj" o="gazdavidson" g="staff" p="33206" x="true"><mod>mode</mod></f><f n="LoadIrrFile_vc9.vcproj" o="gazdavidson" g="staff" p="33206" x="true"><mod>mode</mod></f><f n="main.cpp" o="gazdavidson" g="staff" p="33206"><mod>mode</mod></f><f n="Makefile" o="gazdavidson" g="staff" p="33206"><mod>mode</mod></f><f n="tutorial.html" o="gazdavidson" g="staff" p="33206"><mod>mode</mod></f><mod>mode</mod></f><f n="16.Quake3MapShader" o="gazdavidson" g="staff" p="16895"><f n=".svn" o="gazdavidson" g="staff" p="16895" x="true"><f n="all-wcprops" o="gazdavidson" g="staff" p="33060" x="true"/><f n="dir-prop-base" o="gazdavidson" g="staff" p="33060" x="true"/><f n="entries" o="gazdavidson" g="staff" p="33060" x="true"/><f n="format" o="gazdavidson" g="staff" p="33060" x="true"/><f n="prop-base" o="gazdavidson" g="staff" p="16877" x="true"/><f n="props" o="gazdavidson" g="staff" p="16877" x="true"/><f n="text-base" o="gazdavidson" g="staff" p="16877" x="true"><f n="example.dev.svn-base" o="gazdavidson" g="staff" p="33060" x="true"/><f n="main.cpp.svn-base" o="gazdavidson" g="staff" p="33060" x="true"/><f n="Makefile.svn-base" o="gazdavidson" g="staff" p="33060" x="true"/><f n="Quake3MapShader.cbp.svn-base" o="gazdavidson" g="staff" p="33060" x="true"/><f n="Quake3MapShader.sln.svn-base" o="gazdavidson" g="staff" p="33060" x="true"/><f n="Quake3MapShader.vcproj.svn-base" o="gazdavidson" g="staff" p="33060" x="true"/><f n="Quake3MapShader_vc8.vcproj.svn-base" o="gazdavidson" g="staff" p="33060" x="true"/><f n="Quake3MapShader_vc9.vcproj.svn-base" o="gazdavidson" g="staff" p="33060" x="true"/></f><f n="tmp" o="gazdavidson" g="staff" p="16877" x="true"><f n="prop-base" o="gazdavidson" g="staff" p="16877" x="true"/><f n="props" o="gazdavidson" g="staff" p="16877" x="true"/><f n="text-base" o="gazdavidson" g="staff" p="16877" x="true"/></f><mod>mode</mod></f><f n="example.dev" o="gazdavidson" g="staff" p="33206" x="true"><mod>mode</mod></f><f n="main.cpp" o="gazdavidson" g="staff" p="33206"><mod>mode</mod></f><f n="Makefile" o="gazdavidson" g="staff" p="33206"><mod>mode</mod></f><f n="Quake3MapShader.cbp" o="gazdavidson" g="staff" p="33206" x="true"><mod>mode</mod></f><f n="Quake3MapShader.sln" o="gazdavidson" g="staff" p="33206" x="true"><mod>mode</mod></f><f n="Quake3MapShader.vcproj" o="gazdavidson" g="staff" p="33206" x="true"><mod>mode</mod></f><f n="Quake3MapShader_vc8.vcproj" o="gazdavidson" g="staff" p="33206" x="true"><mod>mode</mod></f><f n="Quake3MapShader_vc9.vcproj" o="gazdavidson" g="staff" p="33206" x="true"><mod>mode</mod></f><mod>mode</mod></f><f n="17.HelloWorld_Mobile" o="gazdavidson" g="staff" p="16895"><f n=".svn" o="gazdavidson" g="staff" p="16895" x="true"><f n="all-wcprops" o="gazdavidson" g="staff" p="33060" x="true"/><f n="entries" o="gazdavidson" g="staff" p="33060" x="true"/><f n="format" o="gazdavidson" g="staff" p="33060" x="true"/><f n="prop-base" o="gazdavidson" g="staff" p="16877" x="true"/><f n="props" o="gazdavidson" g="staff" p="16877" x="true"/><f n="text-base" o="gazdavidson" g="staff" p="16877" x="true"><f n="HelloWorld_mobile.sln.svn-base" o="gazdavidson" g="staff" p="33060" x="true"/><f n="HelloWorld_mobile.vcproj.svn-base" o="gazdavidson" g="staff" p="33060" x="true"/><f n="main.cpp.svn-base" o="gazdavidson" g="staff" p="33060" x="true"/></f><f n="tmp" o="gazdavidson" g="staff" p="16877" x="true"><f n="prop-base" o="gazdavidson" g="staff" p="16877" x="true"/><f n="props" o="gazdavidson" g="staff" p="16877" x="true"/><f n="text-base" o="gazdavidson" g="staff" p="16877" x="true"/></f><mod>mode</mod></f><f n="HelloWorld_mobile.sln" o="gazdavidson" g="staff" p="33206" x="true"><mod>mode</mod></f><f n="HelloWorld_mobile.vcproj" o="gazdavidson" g="staff" p="33206" x="true"><mod>mode</mod></f><f n="main.cpp" o="gazdavidson" g="staff" p="33206"><mod>mode</mod></f><mod>mode</mod></f><f n="18.SplitScreen" o="gazdavidson" g="staff" p="16895"><f n=".svn" o="gazdavidson" g="staff" p="16895" x="true"><f n="all-wcprops" o="gazdavidson" g="staff" p="33060" x="true"/><f n="dir-prop-base" o="gazdavidson" g="staff" p="33060" x="true"/><f n="entries" o="gazdavidson" g="staff" p="33060" x="true"/><f n="format" o="gazdavidson" g="staff" p="33060" x="true"/><f n="prop-base" o="gazdavidson" g="staff" p="16877" x="true"><f n="SplitScreen.sln.svn-base" o="gazdavidson" g="staff" p="33060" x="true"/><f n="SplitScreen.vcproj.svn-base" o="gazdavidson" g="staff" p="33060" x="true"/><f n="SplitScreen_vc8.vcproj.svn-base" o="gazdavidson" g="staff" p="33060" x="true"/><f n="SplitScreen_vc9.vcproj.svn-base" o="gazdavidson" g="staff" p="33060" x="true"/></f><f n="props" o="gazdavidson" g="staff" p="16877" x="true"/><f n="text-base" o="gazdavidson" g="staff" p="16877" x="true"><f n="example.dev.svn-base" o="gazdavidson" g="staff" p="33060" x="true"/><f n="main.cpp.svn-base" o="gazdavidson" g="staff" p="33060" x="true"/><f n="Makefile.svn-base" o="gazdavidson" g="staff" p="33060" x="true"/><f n="SplitScreen.cbp.svn-base" o="gazdavidson" g="staff" p="33060" x="true"/><f n="SplitScreen.sln.svn-base" o="gazdavidson" g="staff" p="33060" x="true"/><f n="SplitScreen.vcproj.svn-base" o="gazdavidson" g="staff" p="33060" x="true"/><f n="SplitScreen_vc8.vcproj.svn-base" o="gazdavidson" g="staff" p="33060" x="true"/><f n="SplitScreen_vc9.vcproj.svn-base" o="gazdavidson" g="staff" p="33060" x="true"/></f><f n="tmp" o="gazdavidson" g="staff" p="16877" x="true"><f n="prop-base" o="gazdavidson" g="staff" p="16877" x="true"/><f n="props" o="gazdavidson" g="staff" p="16877" x="true"/><f n="text-base" o="gazdavidson" g="staff" p="16877" x="true"/></f><mod>mode</mod></f><f n="example.dev" o="gazdavidson" g="staff" p="33206" x="true"><mod>mode</mod></f><f n="main.cpp" o="gazdavidson" g="staff" p="33206"><mod>mode</mod></f><f n="Makefile" o="gazdavidson" g="staff" p="33206"><mod>mode</mod></f><f n="SplitScreen.cbp" o="gazdavidson" g="staff" p="33206" x="true"><mod>mode</mod></f><f n="SplitScreen.sln" o="gazdavidson" g="staff" p="33206" x="true"><mod>mode</mod></f><f n="SplitScreen.vcproj" o="gazdavidson" g="staff" p="33206" x="true"><mod>mode</mod></f><f n="SplitScreen_vc8.vcproj" o="gazdavidson" g="staff" p="33206" x="true"><mod>mode</mod></f><f n="SplitScreen_vc9.vcproj" o="gazdavidson" g="staff" p="33206" x="true"><mod>mode</mod></f><mod>mode</mod></f><f n="19.MouseAndJoystick" o="gazdavidson" g="staff" p="16895"><f n=".svn" o="gazdavidson" g="staff" p="16895"><f n="all-wcprops" o="gazdavidson" g="staff" p="33060"/><f n="entries" o="gazdavidson" g="staff" p="33060"/><f n="format" o="gazdavidson" g="staff" p="33060"/><f n="prop-base" o="gazdavidson" g="staff" p="16877"/><f n="props" o="gazdavidson" g="staff" p="16877"/><f n="text-base" o="gazdavidson" g="staff" p="16877"><f n="example.dev.svn-base" o="gazdavidson" g="staff" p="33060"/><f n="main.cpp.svn-base" o="gazdavidson" g="staff" p="33060"/><f n="Makefile.svn-base" o="gazdavidson" g="staff" p="33060"/><f n="MouseAndJoystick.cbp.svn-base" o="gazdavidson" g="staff" p="33060"/><f n="MouseAndJoystick.sln.svn-base" o="gazdavidson" g="staff" p="33060"/><f n="MouseAndJoystick.vcproj.svn-base" o="gazdavidson" g="staff" p="33060"/><f n="MouseAndJoystick_vc8.vcproj.svn-base" o="gazdavidson" g="staff" p="33060"/><f n="MouseAndJoystick_vc9.vcproj.svn-base" o="gazdavidson" g="staff" p="33060"/></f><f n="tmp" o="gazdavidson" g="staff" p="16877"><f n="prop-base" o="gazdavidson" g="staff" p="16877"/><f n="props" o="gazdavidson" g="staff" p="16877"/><f n="text-base" o="gazdavidson" g="staff" p="16877"/></f><mod>mode</mod></f><f n="example.dev" o="gazdavidson" g="staff" p="33206" x="true"><mod>mode</mod></f><f n="main.cpp" o="gazdavidson" g="staff" p="33206"><mod>mode</mod></f><f n="Makefile" o="gazdavidson" g="staff" p="33206"><mod>mode</mod></f><f n="MouseAndJoystick.cbp" o="gazdavidson" g="staff" p="33206" x="true"><mod>mode</mod></f><f n="MouseAndJoystick.sln" o="gazdavidson" g="staff" p="33206" x="true"><mod>mode</mod></f><f n="MouseAndJoystick.vcproj" o="gazdavidson" g="staff" p="33206" x="true"><mod>mode</mod></f><f n="MouseAndJoystick_vc8.vcproj" o="gazdavidson" g="staff" p="33206" x="true"><mod>mode</mod></f><f n="MouseAndJoystick_vc9.vcproj" o="gazdavidson" g="staff" p="33206" x="true"><mod>mode</mod></f><mod>mode</mod></f><f n="BuildAllExamples.MacOSX" o="gazdavidson" g="staff" p="16895"><f n=".DS_Store" o="gazdavidson" g="staff" p="33206" x="true"><mod>mode</mod></f><f n=".svn" o="gazdavidson" g="staff" p="16895" x="true"><f n="all-wcprops" o="gazdavidson" g="staff" p="33060" x="true"/><f n="entries" o="gazdavidson" g="staff" p="33060" x="true"/><f n="format" o="gazdavidson" g="staff" p="33060" x="true"/><f n="prop-base" o="gazdavidson" g="staff" p="16877" x="true"/><f n="props" o="gazdavidson" g="staff" p="16877" x="true"/><f n="text-base" o="gazdavidson" g="staff" p="16877" x="true"><f n="DemoApp-Info.plist.svn-base" o="gazdavidson" g="staff" p="33060" x="true"/></f><f n="tmp" o="gazdavidson" g="staff" p="16877" x="true"><f n="prop-base" o="gazdavidson" g="staff" p="16877" x="true"/><f n="props" o="gazdavidson" g="staff" p="16877" x="true"/><f n="text-base" o="gazdavidson" g="staff" p="16877" x="true"/></f><mod>mode</mod></f><f n="build" o="gazdavidson" g="staff" p="16895" x="true"><f n=".DS_Store" o="gazdavidson" g="staff" p="33188" x="true"/><f n="MacOSX.build" o="gazdavidson" g="staff" p="16877" x="true"><f n=".DS_Store" o="gazdavidson" g="staff" p="33188" x="true"/><f n="MacOSX.pbxindex" o="gazdavidson" g="staff" p="16877" x="true"><f n="categories.pbxbtree" o="gazdavidson" g="staff" p="33188" x="true"/><f n="cdecls.pbxbtree" o="gazdavidson" g="staff" p="33188" x="true"/><f n="decls.pbxbtree" o="gazdavidson" g="staff" p="33188" x="true"/><f n="files.pbxbtree" o="gazdavidson" g="staff" p="33188" x="true"/><f n="imports.pbxbtree" o="gazdavidson" g="staff" p="33188" x="true"/><f n="pbxindex.header" o="gazdavidson" g="staff" p="33188" x="true"/><f n="protocols.pbxbtree" o="gazdavidson" g="staff" p="33188" x="true"/><f n="refs.pbxbtree" o="gazdavidson" g="staff" p="33188" x="true"/><f n="strings.pbxstrings" o="gazdavidson" g="staff" p="16877" x="true"><f n="control" o="gazdavidson" g="staff" p="33188" x="true"/><f n="strings" o="gazdavidson" g="staff" p="33188" x="true"/></f><f n="subclasses.pbxbtree" o="gazdavidson" g="staff" p="33188" x="true"/><f n="symbols0.pbxsymbols" o="gazdavidson" g="staff" p="33188" x="true"/></f><f n="Release" o="gazdavidson" g="staff" p="16877" x="true"><f n="01.HelloWorld.build" o="gazdavidson" g="staff" p="16877" x="true"><f n="01.HelloWorld.dep" o="gazdavidson" g="staff" p="33188" x="true"/><f n="01.HelloWorld~.dep" o="gazdavidson" g="staff" p="33188" x="true"/><f n="HelloWorld.hmap" o="gazdavidson" g="staff" p="33188" x="true"/><f n="Objects-normal" o="gazdavidson" g="staff" p="16877" x="true"><f n="i386" o="gazdavidson" g="staff" p="16877" x="true"><f n="HelloWorld" o="gazdavidson" g="staff" p="33261" x="true"/><f n="HelloWorld.LinkFileList" o="gazdavidson" g="staff" p="33188" x="true"/><f n="main.o" o="gazdavidson" g="staff" p="33188" x="true"/></f><f n="ppc" o="gazdavidson" g="staff" p="16877" x="true"><f n="HelloWorld" o="gazdavidson" g="staff" p="33261" x="true"/><f n="HelloWorld.LinkFileList" o="gazdavidson" g="staff" p="33188" x="true"/><f n="main.o" o="gazdavidson" g="staff" p="33188" x="true"/></f></f></f><f n="02.Quake3Map.build" o="gazdavidson" g="staff" p="16877" x="true"><f n="02.Quake3Map.dep" o="gazdavidson" g="staff" p="33188" x="true"/><f n="02.Quake3Map~.dep" o="gazdavidson" g="staff" p="33188" x="true"/><f n="Objects-normal" o="gazdavidson" g="staff" p="16877" x="true"><f n="i386" o="gazdavidson" g="staff" p="16877" x="true"><f n="main.o" o="gazdavidson" g="staff" p="33188" x="true"/><f n="Quake3Map" o="gazdavidson" g="staff" p="33261" x="true"/><f n="Quake3Map.LinkFileList" o="gazdavidson" g="staff" p="33188" x="true"/></f><f n="ppc" o="gazdavidson" g="staff" p="16877" x="true"><f n="main.o" o="gazdavidson" g="staff" p="33188" x="true"/><f n="Quake3Map" o="gazdavidson" g="staff" p="33261" x="true"/><f n="Quake3Map.LinkFileList" o="gazdavidson" g="staff" p="33188" x="true"/></f></f><f n="Quake3Map.hmap" o="gazdavidson" g="staff" p="33188" x="true"/></f><f n="03.CustomSceneNode.build" o="gazdavidson" g="staff" p="16877" x="true"><f n="03.CustomSceneNode.dep" o="gazdavidson" g="staff" p="33188" x="true"/><f n="CustomSceneNode.hmap" o="gazdavidson" g="staff" p="33188" x="true"/><f n="Objects-normal" o="gazdavidson" g="staff" p="16877" x="true"><f n="i386" o="gazdavidson" g="staff" p="16877" x="true"><f n="CustomSceneNode" o="gazdavidson" g="staff" p="33261" x="true"/><f n="CustomSceneNode.LinkFileList" o="gazdavidson" g="staff" p="33188" x="true"/><f n="main.o" o="gazdavidson" g="staff" p="33188" x="true"/></f><f n="ppc" o="gazdavidson" g="staff" p="16877" x="true"><f n="CustomSceneNode" o="gazdavidson" g="staff" p="33261" x="true"/><f n="CustomSceneNode.LinkFileList" o="gazdavidson" g="staff" p="33188" x="true"/><f n="main.o" o="gazdavidson" g="staff" p="33188" x="true"/></f></f></f><f n="04.Movement.build" o="gazdavidson" g="staff" p="16877" x="true"><f n="04.Movement.dep" o="gazdavidson" g="staff" p="33188" x="true"/><f n="Movement.hmap" o="gazdavidson" g="staff" p="33188" x="true"/><f n="Objects-normal" o="gazdavidson" g="staff" p="16877" x="true"><f n="i386" o="gazdavidson" g="staff" p="16877" x="true"><f n="main.o" o="gazdavidson" g="staff" p="33188" x="true"/><f n="Movement" o="gazdavidson" g="staff" p="33261" x="true"/><f n="Movement.LinkFileList" o="gazdavidson" g="staff" p="33188" x="true"/></f><f n="ppc" o="gazdavidson" g="staff" p="16877" x="true"><f n="main.o" o="gazdavidson" g="staff" p="33188" x="true"/><f n="Movement" o="gazdavidson" g="staff" p="33261" x="true"/><f n="Movement.LinkFileList" o="gazdavidson" g="staff" p="33188" x="true"/></f></f></f><f n="05.UserInterface.build" o="gazdavidson" g="staff" p="16877" x="true"><f n="05.UserInterface.dep" o="gazdavidson" g="staff" p="33188" x="true"/><f n="Objects-normal" o="gazdavidson" g="staff" p="16877" x="true"><f n="i386" o="gazdavidson" g="staff" p="16877" x="true"><f n="main.o" o="gazdavidson" g="staff" p="33188" x="true"/><f n="UserInterface" o="gazdavidson" g="staff" p="33261" x="true"/><f n="UserInterface.LinkFileList" o="gazdavidson" g="staff" p="33188" x="true"/></f><f n="ppc" o="gazdavidson" g="staff" p="16877" x="true"><f n="main.o" o="gazdavidson" g="staff" p="33188" x="true"/><f n="UserInterface" o="gazdavidson" g="staff" p="33261" x="true"/><f n="UserInterface.LinkFileList" o="gazdavidson" g="staff" p="33188" x="true"/></f></f><f n="UserInterface.hmap" o="gazdavidson" g="staff" p="33188" x="true"/></f><f n="06.2DGraphics.build" o="gazdavidson" g="staff" p="16877" x="true"><f n="06.2DGraphics.dep" o="gazdavidson" g="staff" p="33188" x="true"/><f n="2DGraphics.hmap" o="gazdavidson" g="staff" p="33188" x="true"/><f n="Objects-normal" o="gazdavidson" g="staff" p="16877" x="true"><f n="i386" o="gazdavidson" g="staff" p="16877" x="true"><f n="2DGraphics" o="gazdavidson" g="staff" p="33261" x="true"/><f n="2DGraphics.LinkFileList" o="gazdavidson" g="staff" p="33188" x="true"/><f n="main.o" o="gazdavidson" g="staff" p="33188" x="true"/></f><f n="ppc" o="gazdavidson" g="staff" p="16877" x="true"><f n="2DGraphics" o="gazdavidson" g="staff" p="33261" x="true"/><f n="2DGraphics.LinkFileList" o="gazdavidson" g="staff" p="33188" x="true"/><f n="main.o" o="gazdavidson" g="staff" p="33188" x="true"/></f></f></f><f n="07.Collision.build" o="gazdavidson" g="staff" p="16877" x="true"><f n="07.Collision.dep" o="gazdavidson" g="staff" p="33188" x="true"/><f n="Collision.hmap" o="gazdavidson" g="staff" p="33188" x="true"/><f n="Objects-normal" o="gazdavidson" g="staff" p="16877" x="true"><f n="i386" o="gazdavidson" g="staff" p="16877" x="true"><f n="Collision" o="gazdavidson" g="staff" p="33261" x="true"/><f n="Collision.LinkFileList" o="gazdavidson" g="staff" p="33188" x="true"/><f n="main.o" o="gazdavidson" g="staff" p="33188" x="true"/></f><f n="ppc" o="gazdavidson" g="staff" p="16877" x="true"><f n="Collision" o="gazdavidson" g="staff" p="33261" x="true"/><f n="Collision.LinkFileList" o="gazdavidson" g="staff" p="33188" x="true"/><f n="main.o" o="gazdavidson" g="staff" p="33188" x="true"/></f></f></f><f n="08.SpecialFx.build" o="gazdavidson" g="staff" p="16877" x="true"><f n="08.SpecialFx.dep" o="gazdavidson" g="staff" p="33188" x="true"/><f n="Objects-normal" o="gazdavidson" g="staff" p="16877" x="true"><f n="i386" o="gazdavidson" g="staff" p="16877" x="true"><f n="main.o" o="gazdavidson" g="staff" p="33188" x="true"/><f n="SpecialFx" o="gazdavidson" g="staff" p="33261" x="true"/><f n="SpecialFx.LinkFileList" o="gazdavidson" g="staff" p="33188" x="true"/></f><f n="ppc" o="gazdavidson" g="staff" p="16877" x="true"><f n="main.o" o="gazdavidson" g="staff" p="33188" x="true"/><f n="SpecialFx" o="gazdavidson" g="staff" p="33261" x="true"/><f n="SpecialFx.LinkFileList" o="gazdavidson" g="staff" p="33188" x="true"/></f></f><f n="SpecialFx.hmap" o="gazdavidson" g="staff" p="33188" x="true"/></f><f n="09.MeshViewer.build" o="gazdavidson" g="staff" p="16877" x="true"><f n="09.MeshViewer.dep" o="gazdavidson" g="staff" p="33188" x="true"/><f n="MeshViewer.hmap" o="gazdavidson" g="staff" p="33188" x="true"/><f n="Objects-normal" o="gazdavidson" g="staff" p="16877" x="true"><f n="i386" o="gazdavidson" g="staff" p="16877" x="true"><f n="main.o" o="gazdavidson" g="staff" p="33188" x="true"/><f n="MeshViewer" o="gazdavidson" g="staff" p="33261" x="true"/><f n="MeshViewer.LinkFileList" o="gazdavidson" g="staff" p="33188" x="true"/></f><f n="ppc" o="gazdavidson" g="staff" p="16877" x="true"><f n="main.o" o="gazdavidson" g="staff" p="33188" x="true"/><f n="MeshViewer" o="gazdavidson" g="staff" p="33261" x="true"/><f n="MeshViewer.LinkFileList" o="gazdavidson" g="staff" p="33188" x="true"/></f></f></f><f n="10.Shaders.build" o="gazdavidson" g="staff" p="16877" x="true"><f n="10.Shaders.dep" o="gazdavidson" g="staff" p="33188" x="true"/><f n="Objects-normal" o="gazdavidson" g="staff" p="16877" x="true"><f n="i386" o="gazdavidson" g="staff" p="16877" x="true"><f n="main.o" o="gazdavidson" g="staff" p="33188" x="true"/><f n="Shaders" o="gazdavidson" g="staff" p="33261" x="true"/><f n="Shaders.LinkFileList" o="gazdavidson" g="staff" p="33188" x="true"/></f><f n="ppc" o="gazdavidson" g="staff" p="16877" x="true"><f n="main.o" o="gazdavidson" g="staff" p="33188" x="true"/><f n="Shaders" o="gazdavidson" g="staff" p="33261" x="true"/><f n="Shaders.LinkFileList" o="gazdavidson" g="staff" p="33188" x="true"/></f></f><f n="Shaders.hmap" o="gazdavidson" g="staff" p="33188" x="true"/></f><f n="11.PerPixelLightning.build" o="gazdavidson" g="staff" p="16877" x="true"><f n="11.PerPixelLightning.dep" o="gazdavidson" g="staff" p="33188" x="true"/><f n="Objects-normal" o="gazdavidson" g="staff" p="16877" x="true"><f n="i386" o="gazdavidson" g="staff" p="16877" x="true"><f n="main.o" o="gazdavidson" g="staff" p="33188" x="true"/><f n="PerPixelLighting" o="gazdavidson" g="staff" p="33261" x="true"/><f n="PerPixelLighting.LinkFileList" o="gazdavidson" g="staff" p="33188" x="true"/></f><f n="ppc" o="gazdavidson" g="staff" p="16877" x="true"><f n="main.o" o="gazdavidson" g="staff" p="33188" x="true"/><f n="PerPixelLighting" o="gazdavidson" g="staff" p="33261" x="true"/><f n="PerPixelLighting.LinkFileList" o="gazdavidson" g="staff" p="33188" x="true"/></f></f><f n="PerPixelLighting.hmap" o="gazdavidson" g="staff" p="33188" x="true"/></f><f n="12.TerrainRendering.build" o="gazdavidson" g="staff" p="16877" x="true"><f n="12.TerrainRendering.dep" o="gazdavidson" g="staff" p="33188" x="true"/><f n="Objects-normal" o="gazdavidson" g="staff" p="16877" x="true"><f n="i386" o="gazdavidson" g="staff" p="16877" x="true"><f n="main.o" o="gazdavidson" g="staff" p="33188" x="true"/><f n="TerrainRendering" o="gazdavidson" g="staff" p="33261" x="true"/><f n="TerrainRendering.LinkFileList" o="gazdavidson" g="staff" p="33188" x="true"/></f><f n="ppc" o="gazdavidson" g="staff" p="16877" x="true"><f n="main.o" o="gazdavidson" g="staff" p="33188" x="true"/><f n="TerrainRendering" o="gazdavidson" g="staff" p="33261" x="true"/><f n="TerrainRendering.LinkFileList" o="gazdavidson" g="staff" p="33188" x="true"/></f></f><f n="TerrainRendering.hmap" o="gazdavidson" g="staff" p="33188" x="true"/></f><f n="13.RenderToTexture.build" o="gazdavidson" g="staff" p="16877" x="true"><f n="13.RenderToTexture.dep" o="gazdavidson" g="staff" p="33188" x="true"/><f n="Objects-normal" o="gazdavidson" g="staff" p="16877" x="true"><f n="i386" o="gazdavidson" g="staff" p="16877" x="true"><f n="main.o" o="gazdavidson" g="staff" p="33188" x="true"/><f n="RenderToTexture" o="gazdavidson" g="staff" p="33261" x="true"/><f n="RenderToTexture.LinkFileList" o="gazdavidson" g="staff" p="33188" x="true"/></f><f n="ppc" o="gazdavidson" g="staff" p="16877" x="true"><f n="main.o" o="gazdavidson" g="staff" p="33188" x="true"/><f n="RenderToTexture" o="gazdavidson" g="staff" p="33261" x="true"/><f n="RenderToTexture.LinkFileList" o="gazdavidson" g="staff" p="33188" x="true"/></f></f><f n="RenderToTexture.hmap" o="gazdavidson" g="staff" p="33188" x="true"/></f><f n="15.LoadIrrFile.build" o="gazdavidson" g="staff" p="16877" x="true"><f n="15.LoadIrrFile.dep" o="gazdavidson" g="staff" p="33188" x="true"/><f n="LoadIrrFile.hmap" o="gazdavidson" g="staff" p="33188" x="true"/><f n="Objects-normal" o="gazdavidson" g="staff" p="16877" x="true"><f n="i386" o="gazdavidson" g="staff" p="16877" x="true"><f n="LoadIrrFile" o="gazdavidson" g="staff" p="33261" x="true"/><f n="LoadIrrFile.LinkFileList" o="gazdavidson" g="staff" p="33188" x="true"/><f n="main.o" o="gazdavidson" g="staff" p="33188" x="true"/></f><f n="ppc" o="gazdavidson" g="staff" p="16877" x="true"><f n="LoadIrrFile" o="gazdavidson" g="staff" p="33261" x="true"/><f n="LoadIrrFile.LinkFileList" o="gazdavidson" g="staff" p="33188" x="true"/><f n="main.o" o="gazdavidson" g="staff" p="33188" x="true"/></f></f></f><f n="16.Quake3Shader.build" o="gazdavidson" g="staff" p="16877" x="true"><f n="16.Quake3Shader.dep" o="gazdavidson" g="staff" p="33188" x="true"/><f n="Objects-normal" o="gazdavidson" g="staff" p="16877" x="true"><f n="i386" o="gazdavidson" g="staff" p="16877" x="true"><f n="main.o" o="gazdavidson" g="staff" p="33188" x="true"/><f n="Quake3Shader" o="gazdavidson" g="staff" p="33261" x="true"/><f n="Quake3Shader.LinkFileList" o="gazdavidson" g="staff" p="33188" x="true"/></f><f n="ppc" o="gazdavidson" g="staff" p="16877" x="true"><f n="main.o" o="gazdavidson" g="staff" p="33188" x="true"/><f n="Quake3Shader" o="gazdavidson" g="staff" p="33261" x="true"/><f n="Quake3Shader.LinkFileList" o="gazdavidson" g="staff" p="33188" x="true"/></f></f><f n="Quake3Shader.hmap" o="gazdavidson" g="staff" p="33188" x="true"/></f><f n="18.SplitScreen.build" o="gazdavidson" g="staff" p="16877" x="true"><f n="18.SplitScreen.dep" o="gazdavidson" g="staff" p="33188" x="true"/><f n="Objects-normal" o="gazdavidson" g="staff" p="16877" x="true"><f n="i386" o="gazdavidson" g="staff" p="16877" x="true"><f n="main.o" o="gazdavidson" g="staff" p="33188" x="true"/><f n="SplitScreen" o="gazdavidson" g="staff" p="33261" x="true"/><f n="SplitScreen.LinkFileList" o="gazdavidson" g="staff" p="33188" x="true"/></f><f n="ppc" o="gazdavidson" g="staff" p="16877" x="true"><f n="main.o" o="gazdavidson" g="staff" p="33188" x="true"/><f n="SplitScreen" o="gazdavidson" g="staff" p="33261" x="true"/><f n="SplitScreen.LinkFileList" o="gazdavidson" g="staff" p="33188" x="true"/></f></f><f n="SplitScreen.hmap" o="gazdavidson" g="staff" p="33188" x="true"/></f><f n="19.MouseAndJoystick.build" o="gazdavidson" g="staff" p="16877" x="true"><f n="19.MouseAndJoystick.dep" o="gazdavidson" g="staff" p="33188" x="true"/><f n="MouseAndJoystick.hmap" o="gazdavidson" g="staff" p="33188" x="true"/><f n="Objects-normal" o="gazdavidson" g="staff" p="16877" x="true"><f n="i386" o="gazdavidson" g="staff" p="16877" x="true"><f n="main.o" o="gazdavidson" g="staff" p="33188" x="true"/><f n="MouseAndJoystick" o="gazdavidson" g="staff" p="33261" x="true"/><f n="MouseAndJoystick.LinkFileList" o="gazdavidson" g="staff" p="33188" x="true"/></f><f n="ppc" o="gazdavidson" g="staff" p="16877" x="true"><f n="main.o" o="gazdavidson" g="staff" p="33188" x="true"/><f n="MouseAndJoystick" o="gazdavidson" g="staff" p="33261" x="true"/><f n="MouseAndJoystick.LinkFileList" o="gazdavidson" g="staff" p="33188" x="true"/></f></f></f><f n="Demo.build" o="gazdavidson" g="staff" p="16877" x="true"><f n="Demo.dep" o="gazdavidson" g="staff" p="33188" x="true"/><f n="Demo.hmap" o="gazdavidson" g="staff" p="33188" x="true"/><f n="Objects-normal" o="gazdavidson" g="staff" p="16877" x="true"><f n="i386" o="gazdavidson" g="staff" p="16877" x="true"><f n="CDemo.o" o="gazdavidson" g="staff" p="33188" x="true"/><f n="CMainMenu.o" o="gazdavidson" g="staff" p="33188" x="true"/><f n="Demo" o="gazdavidson" g="staff" p="33261" x="true"/><f n="Demo.LinkFileList" o="gazdavidson" g="staff" p="33188" x="true"/><f n="main.o" o="gazdavidson" g="staff" p="33188" x="true"/></f><f n="ppc" o="gazdavidson" g="staff" p="16877" x="true"><f n="CDemo.o" o="gazdavidson" g="staff" p="33188" x="true"/><f n="CMainMenu.o" o="gazdavidson" g="staff" p="33188" x="true"/><f n="Demo" o="gazdavidson" g="staff" p="33261" x="true"/><f n="Demo.LinkFileList" o="gazdavidson" g="staff" p="33188" x="true"/><f n="main.o" o="gazdavidson" g="staff" p="33188" x="true"/></f></f></f><f n="GUIEditor.build" o="gazdavidson" g="staff" p="16877" x="true"><f n="GUIEditor.dep" o="gazdavidson" g="staff" p="33188" x="true"/><f n="GUIEditor.hmap" o="gazdavidson" g="staff" p="33188" x="true"/><f n="Objects-normal" o="gazdavidson" g="staff" p="16877" x="true"><f n="i386" o="gazdavidson" g="staff" p="16877" x="true"><f n="CGUIAttributeEditor.o" o="gazdavidson" g="staff" p="33188" x="true"/><f n="CGUIEditFactory.o" o="gazdavidson" g="staff" p="33188" x="true"/><f n="CGUIEditWindow.o" o="gazdavidson" g="staff" p="33188" x="true"/><f n="CGUIEditWorkspace.o" o="gazdavidson" g="staff" p="33188" x="true"/><f n="CGUIPanel.o" o="gazdavidson" g="staff" p="33188" x="true"/><f n="CGUITextureCacheBrowser.o" o="gazdavidson" g="staff" p="33188" x="true"/><f n="CMemoryReadWriteFile.o" o="gazdavidson" g="staff" p="33188" x="true"/><f n="GUIEditor" o="gazdavidson" g="staff" p="33261" x="true"/><f n="GUIEditor.LinkFileList" o="gazdavidson" g="staff" p="33188" x="true"/><f n="main.o" o="gazdavidson" g="staff" p="33188" x="true"/></f><f n="ppc" o="gazdavidson" g="staff" p="16877" x="true"><f n="CGUIAttributeEditor.o" o="gazdavidson" g="staff" p="33188" x="true"/><f n="CGUIEditFactory.o" o="gazdavidson" g="staff" p="33188" x="true"/><f n="CGUIEditWindow.o" o="gazdavidson" g="staff" p="33188" x="true"/><f n="CGUIEditWorkspace.o" o="gazdavidson" g="staff" p="33188" x="true"/><f n="CGUIPanel.o" o="gazdavidson" g="staff" p="33188" x="true"/><f n="CGUITextureCacheBrowser.o" o="gazdavidson" g="staff" p="33188" x="true"/><f n="CMemoryReadWriteFile.o" o="gazdavidson" g="staff" p="33188" x="true"/><f n="GUIEditor" o="gazdavidson" g="staff" p="33261" x="true"/><f n="GUIEditor.LinkFileList" o="gazdavidson" g="staff" p="33188" x="true"/><f n="main.o" o="gazdavidson" g="staff" p="33188" x="true"/></f></f></f></f></f><f n="Release" o="gazdavidson" g="staff" p="16877" x="true"><f n=".DS_Store" o="gazdavidson" g="staff" p="33188" x="true"/><f n="2DGraphics.app" o="gazdavidson" g="staff" p="41453" x="true"><f n="Contents" o="gazdavidson" g="staff" p="16895" x="true"><f n="Info.plist" o="gazdavidson" g="staff" p="33279" x="true"/><f n="MacOS" o="gazdavidson" g="staff" p="16895" x="true"><f n="2DGraphics" o="gazdavidson" g="staff" p="33279" x="true"/></f><f n="PkgInfo" o="gazdavidson" g="staff" p="33279" x="true"/><f n="Resources" o="gazdavidson" g="staff" p="16895" x="true"><f n="MainMenu.nib" o="gazdavidson" g="staff" p="16895" x="true"><f n="classes.nib" o="gazdavidson" g="staff" p="33279" x="true"/><f n="info.nib" o="gazdavidson" g="staff" p="33279" x="true"/><f n="keyedobjects.nib" o="gazdavidson" g="staff" p="33279" x="true"/></f></f></f></f><f n="Collision.app" o="gazdavidson" g="staff" p="41453" x="true"><f n="Contents" o="gazdavidson" g="staff" p="16895" x="true"><f n="Info.plist" o="gazdavidson" g="staff" p="33279" x="true"/><f n="MacOS" o="gazdavidson" g="staff" p="16895" x="true"><f n="Collision" o="gazdavidson" g="staff" p="33279" x="true"/></f><f n="PkgInfo" o="gazdavidson" g="staff" p="33279" x="true"/><f n="Resources" o="gazdavidson" g="staff" p="16895" x="true"><f n="MainMenu.nib" o="gazdavidson" g="staff" p="16895" x="true"><f n="classes.nib" o="gazdavidson" g="staff" p="33279" x="true"/><f n="info.nib" o="gazdavidson" g="staff" p="33279" x="true"/><f n="keyedobjects.nib" o="gazdavidson" g="staff" p="33279" x="true"/></f></f></f></f><f n="CustomSceneNode.app" o="gazdavidson" g="staff" p="41453" x="true"><f n="Contents" o="gazdavidson" g="staff" p="16895" x="true"><f n="Info.plist" o="gazdavidson" g="staff" p="33279" x="true"/><f n="MacOS" o="gazdavidson" g="staff" p="16895" x="true"><f n="CustomSceneNode" o="gazdavidson" g="staff" p="33279" x="true"/></f><f n="PkgInfo" o="gazdavidson" g="staff" p="33279" x="true"/><f n="Resources" o="gazdavidson" g="staff" p="16895" x="true"><f n="MainMenu.nib" o="gazdavidson" g="staff" p="16895" x="true"><f n="classes.nib" o="gazdavidson" g="staff" p="33279" x="true"/><f n="info.nib" o="gazdavidson" g="staff" p="33279" x="true"/><f n="keyedobjects.nib" o="gazdavidson" g="staff" p="33279" x="true"/></f></f></f></f><f n="Demo.app" o="gazdavidson" g="staff" p="41453" x="true"><f n="Contents" o="gazdavidson" g="staff" p="16895" x="true"><f n="Info.plist" o="gazdavidson" g="staff" p="33279" x="true"/><f n="MacOS" o="gazdavidson" g="staff" p="16895" x="true"><f n="Demo" o="gazdavidson" g="staff" p="33279" x="true"/></f><f n="PkgInfo" o="gazdavidson" g="staff" p="33279" x="true"/><f n="Resources" o="gazdavidson" g="staff" p="16895" x="true"><f n="MainMenu.nib" o="gazdavidson" g="staff" p="16895" x="true"><f n="classes.nib" o="gazdavidson" g="staff" p="33279" x="true"/><f n="info.nib" o="gazdavidson" g="staff" p="33279" x="true"/><f n="keyedobjects.nib" o="gazdavidson" g="staff" p="33279" x="true"/></f></f></f></f><f n="GUIEditor.app" o="gazdavidson" g="staff" p="41453" x="true"><f n="Contents" o="gazdavidson" g="staff" p="16895" x="true"><f n="Info.plist" o="gazdavidson" g="staff" p="33279" x="true"/><f n="MacOS" o="gazdavidson" g="staff" p="16895" x="true"><f n="GUIEditor" o="gazdavidson" g="staff" p="33279" x="true"/></f><f n="PkgInfo" o="gazdavidson" g="staff" p="33279" x="true"/><f n="Resources" o="gazdavidson" g="staff" p="16895" x="true"><f n="MainMenu.nib" o="gazdavidson" g="staff" p="16895" x="true"><f n="classes.nib" o="gazdavidson" g="staff" p="33279" x="true"/><f n="info.nib" o="gazdavidson" g="staff" p="33279" x="true"/><f n="keyedobjects.nib" o="gazdavidson" g="staff" p="33279" x="true"/></f></f></f></f><f n="HelloWorld.app" o="gazdavidson" g="staff" p="41453" x="true"><f n="Contents" o="gazdavidson" g="staff" p="16895" x="true"><f n="Info.plist" o="gazdavidson" g="staff" p="33279" x="true"/><f n="MacOS" o="gazdavidson" g="staff" p="16895" x="true"><f n="HelloWorld" o="gazdavidson" g="staff" p="33279" x="true"/></f><f n="PkgInfo" o="gazdavidson" g="staff" p="33279" x="true"/><f n="Resources" o="gazdavidson" g="staff" p="16895" x="true"><f n="MainMenu.nib" o="gazdavidson" g="staff" p="16895" x="true"><f n="classes.nib" o="gazdavidson" g="staff" p="33279" x="true"/><f n="info.nib" o="gazdavidson" g="staff" p="33279" x="true"/><f n="keyedobjects.nib" o="gazdavidson" g="staff" p="33279" x="true"/></f></f></f></f><f n="LoadIrrFile.app" o="gazdavidson" g="staff" p="41453" x="true"><f n="Contents" o="gazdavidson" g="staff" p="16895" x="true"><f n="Info.plist" o="gazdavidson" g="staff" p="33279" x="true"/><f n="MacOS" o="gazdavidson" g="staff" p="16895" x="true"><f n="LoadIrrFile" o="gazdavidson" g="staff" p="33279" x="true"/></f><f n="PkgInfo" o="gazdavidson" g="staff" p="33279" x="true"/><f n="Resources" o="gazdavidson" g="staff" p="16895" x="true"><f n="MainMenu.nib" o="gazdavidson" g="staff" p="16895" x="true"><f n="classes.nib" o="gazdavidson" g="staff" p="33279" x="true"/><f n="info.nib" o="gazdavidson" g="staff" p="33279" x="true"/><f n="keyedobjects.nib" o="gazdavidson" g="staff" p="33279" x="true"/></f></f></f></f><f n="MeshViewer.app" o="gazdavidson" g="staff" p="41453" x="true"><f n="Contents" o="gazdavidson" g="staff" p="16895" x="true"><f n="Info.plist" o="gazdavidson" g="staff" p="33279" x="true"/><f n="MacOS" o="gazdavidson" g="staff" p="16895" x="true"><f n="MeshViewer" o="gazdavidson" g="staff" p="33279" x="true"/></f><f n="PkgInfo" o="gazdavidson" g="staff" p="33279" x="true"/><f n="Resources" o="gazdavidson" g="staff" p="16895" x="true"><f n="MainMenu.nib" o="gazdavidson" g="staff" p="16895" x="true"><f n="classes.nib" o="gazdavidson" g="staff" p="33279" x="true"/><f n="info.nib" o="gazdavidson" g="staff" p="33279" x="true"/><f n="keyedobjects.nib" o="gazdavidson" g="staff" p="33279" x="true"/></f></f></f></f><f n="MouseAndJoystick.app" o="gazdavidson" g="staff" p="41453" x="true"><f n="Contents" o="gazdavidson" g="staff" p="16895" x="true"><f n="Info.plist" o="gazdavidson" g="staff" p="33279" x="true"/><f n="MacOS" o="gazdavidson" g="staff" p="16895" x="true"><f n="MouseAndJoystick" o="gazdavidson" g="staff" p="33279" x="true"/></f><f n="PkgInfo" o="gazdavidson" g="staff" p="33279" x="true"/><f n="Resources" o="gazdavidson" g="staff" p="16895" x="true"><f n="MainMenu.nib" o="gazdavidson" g="staff" p="16895" x="true"><f n="classes.nib" o="gazdavidson" g="staff" p="33279" x="true"/><f n="info.nib" o="gazdavidson" g="staff" p="33279" x="true"/><f n="keyedobjects.nib" o="gazdavidson" g="staff" p="33279" x="true"/></f></f></f></f><f n="Movement.app" o="gazdavidson" g="staff" p="41453" x="true"><f n="Contents" o="gazdavidson" g="staff" p="16895" x="true"><f n="Info.plist" o="gazdavidson" g="staff" p="33279" x="true"/><f n="MacOS" o="gazdavidson" g="staff" p="16895" x="true"><f n="Movement" o="gazdavidson" g="staff" p="33279" x="true"/></f><f n="PkgInfo" o="gazdavidson" g="staff" p="33279" x="true"/><f n="Resources" o="gazdavidson" g="staff" p="16895" x="true"><f n="MainMenu.nib" o="gazdavidson" g="staff" p="16895" x="true"><f n="classes.nib" o="gazdavidson" g="staff" p="33279" x="true"/><f n="info.nib" o="gazdavidson" g="staff" p="33279" x="true"/><f n="keyedobjects.nib" o="gazdavidson" g="staff" p="33279" x="true"/></f></f></f></f><f n="PerPixelLighting.app" o="gazdavidson" g="staff" p="41453" x="true"><f n="Contents" o="gazdavidson" g="staff" p="16895" x="true"><f n="Info.plist" o="gazdavidson" g="staff" p="33279" x="true"/><f n="MacOS" o="gazdavidson" g="staff" p="16895" x="true"><f n="PerPixelLighting" o="gazdavidson" g="staff" p="33279" x="true"/></f><f n="PkgInfo" o="gazdavidson" g="staff" p="33279" x="true"/><f n="Resources" o="gazdavidson" g="staff" p="16895" x="true"><f n="MainMenu.nib" o="gazdavidson" g="staff" p="16895" x="true"><f n="classes.nib" o="gazdavidson" g="staff" p="33279" x="true"/><f n="info.nib" o="gazdavidson" g="staff" p="33279" x="true"/><f n="keyedobjects.nib" o="gazdavidson" g="staff" p="33279" x="true"/></f></f></f></f><f n="Quake3Map.app" o="gazdavidson" g="staff" p="41453" x="true"><f n="Contents" o="gazdavidson" g="staff" p="16895" x="true"><f n="Info.plist" o="gazdavidson" g="staff" p="33279" x="true"/><f n="MacOS" o="gazdavidson" g="staff" p="16895" x="true"><f n="Quake3Map" o="gazdavidson" g="staff" p="33279" x="true"/></f><f n="PkgInfo" o="gazdavidson" g="staff" p="33279" x="true"/><f n="Resources" o="gazdavidson" g="staff" p="16895" x="true"><f n="MainMenu.nib" o="gazdavidson" g="staff" p="16895" x="true"><f n="classes.nib" o="gazdavidson" g="staff" p="33279" x="true"/><f n="info.nib" o="gazdavidson" g="staff" p="33279" x="true"/><f n="keyedobjects.nib" o="gazdavidson" g="staff" p="33279" x="true"/></f></f></f></f><f n="Quake3Shader.app" o="gazdavidson" g="staff" p="41453" x="true"><f n="Contents" o="gazdavidson" g="staff" p="16895" x="true"><f n="Info.plist" o="gazdavidson" g="staff" p="33279" x="true"/><f n="MacOS" o="gazdavidson" g="staff" p="16895" x="true"><f n="Quake3Shader" o="gazdavidson" g="staff" p="33279" x="true"/></f><f n="PkgInfo" o="gazdavidson" g="staff" p="33279" x="true"/><f n="Resources" o="gazdavidson" g="staff" p="16895" x="true"><f n="MainMenu.nib" o="gazdavidson" g="staff" p="16895" x="true"><f n="classes.nib" o="gazdavidson" g="staff" p="33279" x="true"/><f n="info.nib" o="gazdavidson" g="staff" p="33279" x="true"/><f n="keyedobjects.nib" o="gazdavidson" g="staff" p="33279" x="true"/></f></f></f></f><f n="RenderToTexture.app" o="gazdavidson" g="staff" p="41453" x="true"><f n="Contents" o="gazdavidson" g="staff" p="16895" x="true"><f n="Info.plist" o="gazdavidson" g="staff" p="33279" x="true"/><f n="MacOS" o="gazdavidson" g="staff" p="16895" x="true"><f n="RenderToTexture" o="gazdavidson" g="staff" p="33279" x="true"/></f><f n="PkgInfo" o="gazdavidson" g="staff" p="33279" x="true"/><f n="Resources" o="gazdavidson" g="staff" p="16895" x="true"><f n="MainMenu.nib" o="gazdavidson" g="staff" p="16895" x="true"><f n="classes.nib" o="gazdavidson" g="staff" p="33279" x="true"/><f n="info.nib" o="gazdavidson" g="staff" p="33279" x="true"/><f n="keyedobjects.nib" o="gazdavidson" g="staff" p="33279" x="true"/></f></f></f></f><f n="Shaders.app" o="gazdavidson" g="staff" p="41453" x="true"><f n="Contents" o="gazdavidson" g="staff" p="16895" x="true"><f n="Info.plist" o="gazdavidson" g="staff" p="33279" x="true"/><f n="MacOS" o="gazdavidson" g="staff" p="16895" x="true"><f n="Shaders" o="gazdavidson" g="staff" p="33279" x="true"/></f><f n="PkgInfo" o="gazdavidson" g="staff" p="33279" x="true"/><f n="Resources" o="gazdavidson" g="staff" p="16895" x="true"><f n="MainMenu.nib" o="gazdavidson" g="staff" p="16895" x="true"><f n="classes.nib" o="gazdavidson" g="staff" p="33279" x="true"/><f n="info.nib" o="gazdavidson" g="staff" p="33279" x="true"/><f n="keyedobjects.nib" o="gazdavidson" g="staff" p="33279" x="true"/></f></f></f></f><f n="SpecialFx.app" o="gazdavidson" g="staff" p="41453" x="true"><f n="Contents" o="gazdavidson" g="staff" p="16895" x="true"><f n="Info.plist" o="gazdavidson" g="staff" p="33279" x="true"/><f n="MacOS" o="gazdavidson" g="staff" p="16895" x="true"><f n="SpecialFx" o="gazdavidson" g="staff" p="33279" x="true"/></f><f n="PkgInfo" o="gazdavidson" g="staff" p="33279" x="true"/><f n="Resources" o="gazdavidson" g="staff" p="16895" x="true"><f n="MainMenu.nib" o="gazdavidson" g="staff" p="16895" x="true"><f n="classes.nib" o="gazdavidson" g="staff" p="33279" x="true"/><f n="info.nib" o="gazdavidson" g="staff" p="33279" x="true"/><f n="keyedobjects.nib" o="gazdavidson" g="staff" p="33279" x="true"/></f></f></f></f><f n="SplitScreen.app" o="gazdavidson" g="staff" p="41453" x="true"><f n="Contents" o="gazdavidson" g="staff" p="16895" x="true"><f n="Info.plist" o="gazdavidson" g="staff" p="33279" x="true"/><f n="MacOS" o="gazdavidson" g="staff" p="16895" x="true"><f n="SplitScreen" o="gazdavidson" g="staff" p="33279" x="true"/></f><f n="PkgInfo" o="gazdavidson" g="staff" p="33279" x="true"/><f n="Resources" o="gazdavidson" g="staff" p="16895" x="true"><f n="MainMenu.nib" o="gazdavidson" g="staff" p="16895" x="true"><f n="classes.nib" o="gazdavidson" g="staff" p="33279" x="true"/><f n="info.nib" o="gazdavidson" g="staff" p="33279" x="true"/><f n="keyedobjects.nib" o="gazdavidson" g="staff" p="33279" x="true"/></f></f></f></f><f n="TerrainRendering.app" o="gazdavidson" g="staff" p="41453" x="true"><f n="Contents" o="gazdavidson" g="staff" p="16895" x="true"><f n="Info.plist" o="gazdavidson" g="staff" p="33279" x="true"/><f n="MacOS" o="gazdavidson" g="staff" p="16895" x="true"><f n="TerrainRendering" o="gazdavidson" g="staff" p="33279" x="true"/></f><f n="PkgInfo" o="gazdavidson" g="staff" p="33279" x="true"/><f n="Resources" o="gazdavidson" g="staff" p="16895" x="true"><f n="MainMenu.nib" o="gazdavidson" g="staff" p="16895" x="true"><f n="classes.nib" o="gazdavidson" g="staff" p="33279" x="true"/><f n="info.nib" o="gazdavidson" g="staff" p="33279" x="true"/><f n="keyedobjects.nib" o="gazdavidson" g="staff" p="33279" x="true"/></f></f></f></f><f n="UserInterface.app" o="gazdavidson" g="staff" p="41453" x="true"><f n="Contents" o="gazdavidson" g="staff" p="16895" x="true"><f n="Info.plist" o="gazdavidson" g="staff" p="33279" x="true"/><f n="MacOS" o="gazdavidson" g="staff" p="16895" x="true"><f n="UserInterface" o="gazdavidson" g="staff" p="33279" x="true"/></f><f n="PkgInfo" o="gazdavidson" g="staff" p="33279" x="true"/><f n="Resources" o="gazdavidson" g="staff" p="16895" x="true"><f n="MainMenu.nib" o="gazdavidson" g="staff" p="16895" x="true"><f n="classes.nib" o="gazdavidson" g="staff" p="33279" x="true"/><f n="info.nib" o="gazdavidson" g="staff" p="33279" x="true"/><f n="keyedobjects.nib" o="gazdavidson" g="staff" p="33279" x="true"/></f></f></f></f></f><mod>mode</mod></f><f n="DemoApp-Info.plist" o="gazdavidson" g="staff" p="33206"><mod>mode</mod></f><f n="MacOSX.xcodeproj" o="gazdavidson" g="staff" p="16895"><f n=".svn" o="gazdavidson" g="staff" p="16895" x="true"><f n="all-wcprops" o="gazdavidson" g="staff" p="33060" x="true"/><f n="entries" o="gazdavidson" g="staff" p="33060" x="true"/><f n="format" o="gazdavidson" g="staff" p="33060" x="true"/><f n="prop-base" o="gazdavidson" g="staff" p="16877" x="true"/><f n="props" o="gazdavidson" g="staff" p="16877" x="true"/><f n="text-base" o="gazdavidson" g="staff" p="16877" x="true"><f n="project.pbxproj.svn-base" o="gazdavidson" g="staff" p="33060" x="true"/></f><f n="tmp" o="gazdavidson" g="staff" p="16877" x="true"><f n="prop-base" o="gazdavidson" g="staff" p="16877" x="true"/><f n="props" o="gazdavidson" g="staff" p="16877" x="true"/><f n="text-base" o="gazdavidson" g="staff" p="16877" x="true"/></f><mod>mode</mod></f><f n="gazdavidson.mode1v3" o="gazdavidson" g="staff" p="33206"><mod>mode</mod></f><f n="gazdavidson.pbxuser" o="gazdavidson" g="staff" p="33206"><mod>mode</mod></f><f n="project.pbxproj" o="gazdavidson" g="staff" p="33206"><mod>mode</mod></f><mod>mode</mod></f><f n="MacOSX_Prefix.pch" o="gazdavidson" g="staff" p="33206"><mod>mode</mod></f><f n="MainMenu.nib" o="gazdavidson" g="staff" p="16895"><f n=".svn" o="gazdavidson" g="staff" p="16877" x="true"><f n="all-wcprops" o="gazdavidson" g="staff" p="33060" x="true"/><f n="entries" o="gazdavidson" g="staff" p="33060" x="true"/><f n="format" o="gazdavidson" g="staff" p="33060" x="true"/><f n="prop-base" o="gazdavidson" g="staff" p="16877" x="true"><f n="keyedobjects.nib.svn-base" o="gazdavidson" g="staff" p="33060" x="true"/></f><f n="props" o="gazdavidson" g="staff" p="16877" x="true"/><f n="text-base" o="gazdavidson" g="staff" p="16877" x="true"><f n="classes.nib.svn-base" o="gazdavidson" g="staff" p="33060" x="true"/><f n="info.nib.svn-base" o="gazdavidson" g="staff" p="33060" x="true"/><f n="keyedobjects.nib.svn-base" o="gazdavidson" g="staff" p="33060" x="true"/></f><f n="tmp" o="gazdavidson" g="staff" p="16877" x="true"><f n="prop-base" o="gazdavidson" g="staff" p="16877" x="true"/><f n="props" o="gazdavidson" g="staff" p="16877" x="true"/><f n="text-base" o="gazdavidson" g="staff" p="16877" x="true"/></f></f><f n="classes.nib" o="gazdavidson" g="staff" p="33188"/><f n="info.nib" o="gazdavidson" g="staff" p="33188"/><f n="keyedobjects.nib" o="gazdavidson" g="staff" p="33188"/><mod>mode</mod></f><mod>mode</mod></f><f n="buildAllExamples.sh" o="gazdavidson" g="staff" p="33279"><mod>mode</mod></f><f n="BuildAllExamples.workspace" o="gazdavidson" g="staff" p="33206" x="true"><mod>mode</mod></f><f n="BuildAllExamples_v7.sln" o="gazdavidson" g="staff" p="33206" x="true"><mod>mode</mod></f><f n="BuildAllExamples_v8.sln" o="gazdavidson" g="staff" p="33206" x="true"><mod>mode</mod></f><f n="BuildAllExamples_v9.sln" o="gazdavidson" g="staff" p="33206" x="true"><mod>mode</mod></f><f n="Demo" o="gazdavidson" g="staff" p="16895"><f n=".svn" o="gazdavidson" g="staff" p="16895" x="true"><f n="all-wcprops" o="gazdavidson" g="staff" p="33060" x="true"/><f n="dir-prop-base" o="gazdavidson" g="staff" p="33060" x="true"/><f n="entries" o="gazdavidson" g="staff" p="33060" x="true"/><f n="format" o="gazdavidson" g="staff" p="33060" x="true"/><f n="prop-base" o="gazdavidson" g="staff" p="16877" x="true"><f n="icon.ico.svn-base" o="gazdavidson" g="staff" p="33060" x="true"/></f><f n="props" o="gazdavidson" g="staff" p="16877" x="true"/><f n="text-base" o="gazdavidson" g="staff" p="16877" x="true"><f n="CDemo.cpp.svn-base" o="gazdavidson" g="staff" p="33060" x="true"/><f n="CDemo.h.svn-base" o="gazdavidson" g="staff" p="33060" x="true"/><f n="CMainMenu.cpp.svn-base" o="gazdavidson" g="staff" p="33060" x="true"/><f n="CMainMenu.h.svn-base" o="gazdavidson" g="staff" p="33060" x="true"/><f n="demo.cbp.svn-base" o="gazdavidson" g="staff" p="33060" x="true"/><f n="demo.dev.svn-base" o="gazdavidson" g="staff" p="33060" x="true"/><f n="Demo.sln.svn-base" o="gazdavidson" g="staff" p="33060" x="true"/><f n="Demo.vcproj.svn-base" o="gazdavidson" g="staff" p="33060" x="true"/><f n="Demo_vc8.vcproj.svn-base" o="gazdavidson" g="staff" p="33060" x="true"/><f n="Demo_vc9.vcproj.svn-base" o="gazdavidson" g="staff" p="33060" x="true"/><f n="icon.ico.svn-base" o="gazdavidson" g="staff" p="33060" x="true"/><f n="main.cpp.svn-base" o="gazdavidson" g="staff" p="33060" x="true"/><f n="Makefile.svn-base" o="gazdavidson" g="staff" p="33060" x="true"/><f n="resource.h.svn-base" o="gazdavidson" g="staff" p="33060" x="true"/><f n="resscript.rc.svn-base" o="gazdavidson" g="staff" p="33060" x="true"/></f><f n="tmp" o="gazdavidson" g="staff" p="16877" x="true"><f n="prop-base" o="gazdavidson" g="staff" p="16877" x="true"/><f n="props" o="gazdavidson" g="staff" p="16877" x="true"/><f n="text-base" o="gazdavidson" g="staff" p="16877" x="true"/></f><mod>mode</mod></f><f n="CDemo.cpp" o="gazdavidson" g="staff" p="33206"><mod>mode</mod></f><f n="CDemo.h" o="gazdavidson" g="staff" p="33206"><mod>mode</mod></f><f n="CMainMenu.cpp" o="gazdavidson" g="staff" p="33206"><mod>mode</mod></f><f n="CMainMenu.h" o="gazdavidson" g="staff" p="33206"><mod>mode</mod></f><f n="demo.cbp" o="gazdavidson" g="staff" p="33206" x="true"><mod>mode</mod></f><f n="demo.dev" o="gazdavidson" g="staff" p="33206" x="true"><mod>mode</mod></f><f n="Demo.sln" o="gazdavidson" g="staff" p="33206" x="true"><mod>mode</mod></f><f n="Demo.vcproj" o="gazdavidson" g="staff" p="33206" x="true"><mod>mode</mod></f><f n="Demo_vc8.vcproj" o="gazdavidson" g="staff" p="33206" x="true"><mod>mode</mod></f><f n="Demo_vc9.vcproj" o="gazdavidson" g="staff" p="33206" x="true"><mod>mode</mod></f><f n="icon.ico" o="gazdavidson" g="staff" p="33206" x="true"><mod>mode</mod></f><f n="main.cpp" o="gazdavidson" g="staff" p="33206"><mod>mode</mod></f><f n="Makefile" o="gazdavidson" g="staff" p="33206"><mod>mode</mod></f><f n="resource.h" o="gazdavidson" g="staff" p="33206" x="true"><mod>mode</mod></f><f n="resscript.rc" o="gazdavidson" g="staff" p="33206" x="true"><mod>mode</mod></f><mod>mode</mod></f><f n="Makefile" o="gazdavidson" g="staff" p="33206"><mod>mode</mod></f><f n="TestProject" o="gazdavidson" g="staff" p="16895" x="true"><f n=".svn" o="gazdavidson" g="staff" p="16877" x="true"><f n="all-wcprops" o="gazdavidson" g="staff" p="33060" x="true"/><f n="entries" o="gazdavidson" g="staff" p="33060" x="true"/><f n="format" o="gazdavidson" g="staff" p="33060" x="true"/><f n="prop-base" o="gazdavidson" g="staff" p="16877" x="true"/><f n="props" o="gazdavidson" g="staff" p="16877" x="true"/><f n="text-base" o="gazdavidson" g="staff" p="16877" x="true"><f n="main.cpp.svn-base" o="gazdavidson" g="staff" p="33060" x="true"/><f n="TestProject.sln.svn-base" o="gazdavidson" g="staff" p="33060" x="true"/><f n="TestProject.vcproj.svn-base" o="gazdavidson" g="staff" p="33060" x="true"/></f><f n="tmp" o="gazdavidson" g="staff" p="16877" x="true"><f n="prop-base" o="gazdavidson" g="staff" p="16877" x="true"/><f n="props" o="gazdavidson" g="staff" p="16877" x="true"/><f n="text-base" o="gazdavidson" g="staff" p="16877" x="true"/></f></f><f n="main.cpp" o="gazdavidson" g="staff" p="33188" x="true"/><f n="TestProject.sln" o="gazdavidson" g="staff" p="33188" x="true"/><f n="TestProject.vcproj" o="gazdavidson" g="staff" p="33188" x="true"/><mod>mode</mod></f><f n="whereAreTheBinaries.txt" o="gazdavidson" g="staff" p="33206"><mod>mode</mod></f><mod>mode</mod></f></pkg-contents>