<pkg-contents spec="1.12"><f n="tools" o="gazdavidson" g="staff" p="16895" pt="/Users/gazdavidson/svn/irr1.5/tools" m="true" t="file"><f n=".svn" o="gazdavidson" g="staff" p="16895" x="true"><f n="all-wcprops" o="gazdavidson" g="staff" p="33060" x="true"/><f n="entries" o="gazdavidson" g="staff" p="33060" x="true"/><f n="format" o="gazdavidson" g="staff" p="33060" x="true"/><f n="prop-base" o="gazdavidson" g="staff" p="16877" x="true"/><f n="props" o="gazdavidson" g="staff" p="16877" x="true"/><f n="text-base" o="gazdavidson" g="staff" p="16877" x="true"/><f n="tmp" o="gazdavidson" g="staff" p="16877" x="true"><f n="prop-base" o="gazdavidson" g="staff" p="16877" x="true"/><f n="props" o="gazdavidson" g="staff" p="16877" x="true"/><f n="text-base" o="gazdavidson" g="staff" p="16877" x="true"/></f><mod>mode</mod></f><f n="GUIEditor" o="gazdavidson" g="staff" p="16895"><f n=".svn" o="gazdavidson" g="staff" p="16895" x="true"><f n="all-wcprops" o="gazdavidson" g="staff" p="33060" x="true"/><f n="dir-prop-base" o="gazdavidson" g="staff" p="33060" x="true"/><f n="entries" o="gazdavidson" g="staff" p="33060" x="true"/><f n="format" o="gazdavidson" g="staff" p="33060" x="true"/><f n="prop-base" o="gazdavidson" g="staff" p="16877" x="true"><f n="GUI Editor_v8.sln.svn-base" o="gazdavidson" g="staff" p="33060" x="true"/><f n="GUI Editor_v8.vcproj.svn-base" o="gazdavidson" g="staff" p="33060" x="true"/></f><f n="props" o="gazdavidson" g="staff" p="16877" x="true"/><f n="text-base" o="gazdavidson" g="staff" p="16877" x="true"><f n="CGUIAttribute.h.svn-base" o="gazdavidson" g="staff" p="33060" x="true"/><f n="CGUIAttributeEditor.cpp.svn-base" o="gazdavidson" g="staff" p="33060" x="true"/><f n="CGUIAttributeEditor.h.svn-base" o="gazdavidson" g="staff" p="33060" x="true"/><f n="CGUIBoolAttribute.h.svn-base" o="gazdavidson" g="staff" p="33060" x="true"/><f n="CGUIColorAttribute.h.svn-base" o="gazdavidson" g="staff" p="33060" x="true"/><f n="CGUIDummyEditorStub.h.svn-base" o="gazdavidson" g="staff" p="33060" x="true"/><f n="CGUIEditFactory.cpp.svn-base" o="gazdavidson" g="staff" p="33060" x="true"/><f n="CGUIEditFactory.h.svn-base" o="gazdavidson" g="staff" p="33060" x="true"/><f n="CGUIEditWindow.cpp.svn-base" o="gazdavidson" g="staff" p="33060" x="true"/><f n="CGUIEditWindow.h.svn-base" o="gazdavidson" g="staff" p="33060" x="true"/><f n="CGUIEditWorkspace.cpp.svn-base" o="gazdavidson" g="staff" p="33060" x="true"/><f n="CGUIEditWorkspace.h.svn-base" o="gazdavidson" g="staff" p="33060" x="true"/><f n="CGUIEnumAttribute.h.svn-base" o="gazdavidson" g="staff" p="33060" x="true"/><f n="CGUIPanel.cpp.svn-base" o="gazdavidson" g="staff" p="33060" x="true"/><f n="CGUIPanel.h.svn-base" o="gazdavidson" g="staff" p="33060" x="true"/><f n="CGUIStringAttribute.h.svn-base" o="gazdavidson" g="staff" p="33060" x="true"/><f n="CGUITextureAttribute.h.svn-base" o="gazdavidson" g="staff" p="33060" x="true"/><f n="CGUITextureCacheBrowser.cpp.svn-base" o="gazdavidson" g="staff" p="33060" x="true"/><f n="CGUITextureCacheBrowser.h.svn-base" o="gazdavidson" g="staff" p="33060" x="true"/><f n="CMemoryReadWriteFile.cpp.svn-base" o="gazdavidson" g="staff" p="33060" x="true"/><f n="CMemoryReadWriteFile.h.svn-base" o="gazdavidson" g="staff" p="33060" x="true"/><f n="GUI Editor_v7.sln.svn-base" o="gazdavidson" g="staff" p="33060" x="true"/><f n="GUI Editor_v7.vcproj.svn-base" o="gazdavidson" g="staff" p="33060" x="true"/><f n="GUI Editor_v8.sln.svn-base" o="gazdavidson" g="staff" p="33060" x="true"/><f n="GUI Editor_v8.vcproj.svn-base" o="gazdavidson" g="staff" p="33060" x="true"/><f n="GUI Editor_v9.sln.svn-base" o="gazdavidson" g="staff" p="33060" x="true"/><f n="GUI Editor_v9.vcproj.svn-base" o="gazdavidson" g="staff" p="33060" x="true"/><f n="GUIEditor_win32-gcc.cbp.svn-base" o="gazdavidson" g="staff" p="33060" x="true"/><f n="main.cpp.svn-base" o="gazdavidson" g="staff" p="33060" x="true"/><f n="Makefile.svn-base" o="gazdavidson" g="staff" p="33060" x="true"/></f><f n="tmp" o="gazdavidson" g="staff" p="16877" x="true"><f n="prop-base" o="gazdavidson" g="staff" p="16877" x="true"/><f n="props" o="gazdavidson" g="staff" p="16877" x="true"/><f n="text-base" o="gazdavidson" g="staff" p="16877" x="true"/></f><mod>mode</mod></f><f n="CGUIAttribute.h" o="gazdavidson" g="staff" p="33206"><mod>mode</mod></f><f n="CGUIAttributeEditor.cpp" o="gazdavidson" g="staff" p="33206"><mod>mode</mod></f><f n="CGUIAttributeEditor.h" o="gazdavidson" g="staff" p="33206"><mod>mode</mod></f><f n="CGUIBoolAttribute.h" o="gazdavidson" g="staff" p="33206"><mod>mode</mod></f><f n="CGUIColorAttribute.h" o="gazdavidson" g="staff" p="33206"><mod>mode</mod></f><f n="CGUIDummyEditorStub.h" o="gazdavidson" g="staff" p="33206"><mod>mode</mod></f><f n="CGUIEditFactory.cpp" o="gazdavidson" g="staff" p="33206"><mod>mode</mod></f><f n="CGUIEditFactory.h" o="gazdavidson" g="staff" p="33206"><mod>mode</mod></f><f n="CGUIEditWindow.cpp" o="gazdavidson" g="staff" p="33206"><mod>mode</mod></f><f n="CGUIEditWindow.h" o="gazdavidson" g="staff" p="33206"><mod>mode</mod></f><f n="CGUIEditWorkspace.cpp" o="gazdavidson" g="staff" p="33206"><mod>mode</mod></f><f n="CGUIEditWorkspace.h" o="gazdavidson" g="staff" p="33206"><mod>mode</mod></f><f n="CGUIEnumAttribute.h" o="gazdavidson" g="staff" p="33206"><mod>mode</mod></f><f n="CGUIPanel.cpp" o="gazdavidson" g="staff" p="33206"><mod>mode</mod></f><f n="CGUIPanel.h" o="gazdavidson" g="staff" p="33206"><mod>mode</mod></f><f n="CGUIStringAttribute.h" o="gazdavidson" g="staff" p="33206"><mod>mode</mod></f><f n="CGUITextureAttribute.h" o="gazdavidson" g="staff" p="33206"><mod>mode</mod></f><f n="CGUITextureCacheBrowser.cpp" o="gazdavidson" g="staff" p="33206"><mod>mode</mod></f><f n="CGUITextureCacheBrowser.h" o="gazdavidson" g="staff" p="33206"><mod>mode</mod></f><f n="CMemoryReadWriteFile.cpp" o="gazdavidson" g="staff" p="33206"><mod>mode</mod></f><f n="CMemoryReadWriteFile.h" o="gazdavidson" g="staff" p="33206"><mod>mode</mod></f><f n="GUI Editor_v7.sln" o="gazdavidson" g="staff" p="33206" x="true"><mod>mode</mod></f><f n="GUI Editor_v7.vcproj" o="gazdavidson" g="staff" p="33206" x="true"><mod>mode</mod></f><f n="GUI Editor_v8.sln" o="gazdavidson" g="staff" p="33206" x="true"><mod>mode</mod></f><f n="GUI Editor_v8.vcproj" o="gazdavidson" g="staff" p="33206" x="true"><mod>mode</mod></f><f n="GUI Editor_v9.sln" o="gazdavidson" g="staff" p="33206" x="true"><mod>mode</mod></f><f n="GUI Editor_v9.vcproj" o="gazdavidson" g="staff" p="33206" x="true"><mod>mode</mod></f><f n="GUIEditor_win32-gcc.cbp" o="gazdavidson" g="staff" p="33206" x="true"><mod>mode</mod></f><f n="main.cpp" o="gazdavidson" g="staff" p="33206"><mod>mode</mod></f><f n="Makefile" o="gazdavidson" g="staff" p="33206"><mod>mode</mod></f><mod>mode</mod></f><f n="irrEdit" o="gazdavidson" g="staff" p="16895"><f n=".svn" o="gazdavidson" g="staff" p="16895" x="true"><f n="all-wcprops" o="gazdavidson" g="staff" p="33060" x="true"/><f n="entries" o="gazdavidson" g="staff" p="33060" x="true"/><f n="format" o="gazdavidson" g="staff" p="33060" x="true"/><f n="prop-base" o="gazdavidson" g="staff" p="16877" x="true"><f n="irrEdit.jpg.svn-base" o="gazdavidson" g="staff" p="33060" x="true"/></f><f n="props" o="gazdavidson" g="staff" p="16877" x="true"/><f n="text-base" o="gazdavidson" g="staff" p="16877" x="true"><f n="irrEdit.jpg.svn-base" o="gazdavidson" g="staff" p="33060" x="true"/><f n="irrEdit.txt.svn-base" o="gazdavidson" g="staff" p="33060" x="true"/></f><f n="tmp" o="gazdavidson" g="staff" p="16877" x="true"><f n="prop-base" o="gazdavidson" g="staff" p="16877" x="true"/><f n="props" o="gazdavidson" g="staff" p="16877" x="true"/><f n="text-base" o="gazdavidson" g="staff" p="16877" x="true"/></f><mod>mode</mod></f><f n="irrEdit.jpg" o="gazdavidson" g="staff" p="33206"><mod>mode</mod></f><f n="irrEdit.txt" o="gazdavidson" g="staff" p="33206"><mod>mode</mod></f><mod>mode</mod></f><f n="IrrFontTool" o="gazdavidson" g="staff" p="16895"><f n=".svn" o="gazdavidson" g="staff" p="16895" x="true"><f n="all-wcprops" o="gazdavidson" g="staff" p="33060" x="true"/><f n="entries" o="gazdavidson" g="staff" p="33060" x="true"/><f n="format" o="gazdavidson" g="staff" p="33060" x="true"/><f n="prop-base" o="gazdavidson" g="staff" p="16877" x="true"/><f n="props" o="gazdavidson" g="staff" p="16877" x="true"/><f n="text-base" o="gazdavidson" g="staff" p="16877" x="true"><f n="readme.txt.svn-base" o="gazdavidson" g="staff" p="33060" x="true"/></f><f n="tmp" o="gazdavidson" g="staff" p="16877" x="true"><f n="prop-base" o="gazdavidson" g="staff" p="16877" x="true"/><f n="props" o="gazdavidson" g="staff" p="16877" x="true"/><f n="text-base" o="gazdavidson" g="staff" p="16877" x="true"/></f><mod>mode</mod></f><f n="newFontTool" o="gazdavidson" g="staff" p="16895"><f n=".svn" o="gazdavidson" g="staff" p="16877"><f n="all-wcprops" o="gazdavidson" g="staff" p="33060"/><f n="dir-prop-base" o="gazdavidson" g="staff" p="33060"/><f n="entries" o="gazdavidson" g="staff" p="33060"/><f n="format" o="gazdavidson" g="staff" p="33060"/><f n="prop-base" o="gazdavidson" g="staff" p="16877"><f n="irrFontTool_v8.sln.svn-base" o="gazdavidson" g="staff" p="33060"/><f n="irrFontTool_v8.vcproj.svn-base" o="gazdavidson" g="staff" p="33060"/></f><f n="props" o="gazdavidson" g="staff" p="16877"/><f n="text-base" o="gazdavidson" g="staff" p="16877"><f n="CFontTool.cpp.svn-base" o="gazdavidson" g="staff" p="33060"/><f n="CFontTool.h.svn-base" o="gazdavidson" g="staff" p="33060"/><f n="CVectorFontTool.h.svn-base" o="gazdavidson" g="staff" p="33060"/><f n="irrFontTool_v7.sln.svn-base" o="gazdavidson" g="staff" p="33060"/><f n="irrFontTool_v7.vcproj.svn-base" o="gazdavidson" g="staff" p="33060"/><f n="irrFontTool_v8.sln.svn-base" o="gazdavidson" g="staff" p="33060"/><f n="irrFontTool_v8.vcproj.svn-base" o="gazdavidson" g="staff" p="33060"/><f n="irrFontTool_v9.sln.svn-base" o="gazdavidson" g="staff" p="33060"/><f n="irrFontTool_v9.vcproj.svn-base" o="gazdavidson" g="staff" p="33060"/><f n="main.cpp.svn-base" o="gazdavidson" g="staff" p="33060"/><f n="Makefile.svn-base" o="gazdavidson" g="staff" p="33060"/></f><f n="tmp" o="gazdavidson" g="staff" p="16877"><f n="prop-base" o="gazdavidson" g="staff" p="16877"/><f n="props" o="gazdavidson" g="staff" p="16877"/><f n="text-base" o="gazdavidson" g="staff" p="16877"/></f></f><f n="CFontTool.cpp" o="gazdavidson" g="staff" p="33188" x="true"/><f n="CFontTool.h" o="gazdavidson" g="staff" p="33188"/><f n="CVectorFontTool.h" o="gazdavidson" g="staff" p="33188"/><f n="irrFontTool_v7.sln" o="gazdavidson" g="staff" p="33188" x="true"/><f n="irrFontTool_v7.vcproj" o="gazdavidson" g="staff" p="33188" x="true"/><f n="irrFontTool_v8.sln" o="gazdavidson" g="staff" p="33188" x="true"/><f n="irrFontTool_v8.vcproj" o="gazdavidson" g="staff" p="33188" x="true"/><f n="irrFontTool_v9.sln" o="gazdavidson" g="staff" p="33188" x="true"/><f n="irrFontTool_v9.vcproj" o="gazdavidson" g="staff" p="33188" x="true"/><f n="main.cpp" o="gazdavidson" g="staff" p="33188"/><f n="Makefile" o="gazdavidson" g="staff" p="33188"/><mod>mode</mod></f><f n="oldFontTool" o="gazdavidson" g="staff" p="16895" x="true"><f n=".svn" o="gazdavidson" g="staff" p="16877" x="true"><f n="all-wcprops" o="gazdavidson" g="staff" p="33060" x="true"/><f n="entries" o="gazdavidson" g="staff" p="33060" x="true"/><f n="format" o="gazdavidson" g="staff" p="33060" x="true"/><f n="prop-base" o="gazdavidson" g="staff" p="16877" x="true"><f n="IrrFontTool.exe.svn-base" o="gazdavidson" g="staff" p="33060" x="true"/><f n="source.zip.svn-base" o="gazdavidson" g="staff" p="33060" x="true"/></f><f n="props" o="gazdavidson" g="staff" p="16877" x="true"/><f n="text-base" o="gazdavidson" g="staff" p="16877" x="true"><f n="IrrFontTool.exe.svn-base" o="gazdavidson" g="staff" p="33060" x="true"/><f n="source.zip.svn-base" o="gazdavidson" g="staff" p="33060" x="true"/></f><f n="tmp" o="gazdavidson" g="staff" p="16877" x="true"><f n="prop-base" o="gazdavidson" g="staff" p="16877" x="true"/><f n="props" o="gazdavidson" g="staff" p="16877" x="true"/><f n="text-base" o="gazdavidson" g="staff" p="16877" x="true"/></f></f><f n="IrrFontTool.exe" o="gazdavidson" g="staff" p="33188" x="true"/><f n="source.zip" o="gazdavidson" g="staff" p="33188" x="true"/><mod>mode</mod></f><f n="readme.txt" o="gazdavidson" g="staff" p="33206"><mod>mode</mod></f><mod>mode</mod></f><f n="MeshConverter" o="gazdavidson" g="staff" p="16895"><f n=".svn" o="gazdavidson" g="staff" p="16895" x="true"><f n="all-wcprops" o="gazdavidson" g="staff" p="33060" x="true"/><f n="entries" o="gazdavidson" g="staff" p="33060" x="true"/><f n="format" o="gazdavidson" g="staff" p="33060" x="true"/><f n="prop-base" o="gazdavidson" g="staff" p="16877" x="true"/><f n="props" o="gazdavidson" g="staff" p="16877" x="true"/><f n="text-base" o="gazdavidson" g="staff" p="16877" x="true"><f n="main.cpp.svn-base" o="gazdavidson" g="staff" p="33060" x="true"/><f n="Makefile.svn-base" o="gazdavidson" g="staff" p="33060" x="true"/></f><f n="tmp" o="gazdavidson" g="staff" p="16877" x="true"><f n="prop-base" o="gazdavidson" g="staff" p="16877" x="true"/><f n="props" o="gazdavidson" g="staff" p="16877" x="true"/><f n="text-base" o="gazdavidson" g="staff" p="16877" x="true"/></f><mod>mode</mod></f><f n="main.cpp" o="gazdavidson" g="staff" p="33206"><mod>mode</mod></f><f n="Makefile" o="gazdavidson" g="staff" p="33206"><mod>mode</mod></f><mod>mode</mod></f><f n="Meshviewer" o="gazdavidson" g="staff" p="16895"><f n=".svn" o="gazdavidson" g="staff" p="16895" x="true"><f n="all-wcprops" o="gazdavidson" g="staff" p="33060" x="true"/><f n="entries" o="gazdavidson" g="staff" p="33060" x="true"/><f n="format" o="gazdavidson" g="staff" p="33060" x="true"/><f n="prop-base" o="gazdavidson" g="staff" p="16877" x="true"/><f n="props" o="gazdavidson" g="staff" p="16877" x="true"/><f n="text-base" o="gazdavidson" g="staff" p="16877" x="true"><f n="whereIsIt.txt.svn-base" o="gazdavidson" g="staff" p="33060" x="true"/></f><f n="tmp" o="gazdavidson" g="staff" p="16877" x="true"><f n="prop-base" o="gazdavidson" g="staff" p="16877" x="true"/><f n="props" o="gazdavidson" g="staff" p="16877" x="true"/><f n="text-base" o="gazdavidson" g="staff" p="16877" x="true"/></f><mod>mode</mod></f><f n="whereIsIt.txt" o="gazdavidson" g="staff" p="33206"><mod>mode</mod></f><mod>mode</mod></f><mod>mode</mod></f></pkg-contents>