<pkgref spec="1.12" uuid="BC3BDE66-66D7-41AE-A8EB-83F36082F3B4"><config><identifier>com.irrlicht.irrlichtEngineV151.source.pkg</identifier><version>1</version><description/><post-install type="none"/><requireAuthorization/><installFrom>/Users/gazdavidson/svn/irr1.5/source</installFrom><installTo mod="true">/private/tmp/Irrlicht1.5.1-install/source/</installTo><flags><followSymbolicLinks/></flags><packageStore type="internal"/><mod>parent</mod><mod>installTo.path</mod><mod>installTo</mod></config><contents><file-list>06source-contents.xml</file-list><component id="com.irrlicht.HelloWorld" path="/Users/gazdavidson/svn/irr1.5/source/Irrlicht/MacOSX/build/Release/01.HelloWorld.app" version="1.0" isRelocatable="true"><locator-info><token title="pkmk-token-318"><search-rule><combo identifier="com.irrlicht.HelloWorld" default-path="/Irrlicht/MacOSX/build/Release/01.HelloWorld.app"/></search-rule></token></locator-info></component><component id="com.irrlicht.2DGraphics" path="/Users/gazdavidson/svn/irr1.5/source/Irrlicht/MacOSX/build/Release/2DGraphics.app" version="1.0" isRelocatable="true"><locator-info><token title="pkmk-token-322"><search-rule><combo identifier="com.irrlicht.2DGraphics" default-path="/Irrlicht/MacOSX/build/Release/2DGraphics.app"/></search-rule></token></locator-info></component><component id="com.irrlicht.Collision" path="/Users/gazdavidson/svn/irr1.5/source/Irrlicht/MacOSX/build/Release/Collision.app" version="1.0" isRelocatable="true"><locator-info><token title="pkmk-token-326"><search-rule><combo identifier="com.irrlicht.Collision" default-path="/Irrlicht/MacOSX/build/Release/Collision.app"/></search-rule></token></locator-info></component><component id="com.irrlicht.CustomSceneNode" path="/Users/gazdavidson/svn/irr1.5/source/Irrlicht/MacOSX/build/Release/CustomSceneNode.app" version="1.0" isRelocatable="true"><locator-info><token title="pkmk-token-330"><search-rule><combo identifier="com.irrlicht.CustomSceneNode" default-path="/Irrlicht/MacOSX/build/Release/CustomSceneNode.app"/></search-rule></token></locator-info></component><component id="com.irrlicht.Demo" path="/Users/gazdavidson/svn/irr1.5/source/Irrlicht/MacOSX/build/Release/Demo.app" version="1.0" isRelocatable="true"><locator-info><token title="pkmk-token-334"><search-rule><combo identifier="com.irrlicht.Demo" default-path="/Irrlicht/MacOSX/build/Release/Demo.app"/></search-rule></token></locator-info></component><component id="com.irrlicht.GUIEditor" path="/Users/gazdavidson/svn/irr1.5/source/Irrlicht/MacOSX/build/Release/GUIEditor.app" version="1.0" isRelocatable="true"><locator-info><token title="pkmk-token-338"><search-rule><combo identifier="com.irrlicht.GUIEditor" default-path="/Irrlicht/MacOSX/build/Release/GUIEditor.app"/></search-rule></token></locator-info></component><component id="com.irrlicht.HelloWorld" path="/Users/gazdavidson/svn/irr1.5/source/Irrlicht/MacOSX/build/Release/HelloWorld.app" version="1.0" isRelocatable="true"><locator-info><token title="pkmk-token-342"><search-rule><combo identifier="com.irrlicht.HelloWorld" default-path="/Irrlicht/MacOSX/build/Release/HelloWorld.app"/></search-rule></token></locator-info></component><component id="org.irrlichtengine.Irrlicht" path="/Users/gazdavidson/svn/irr1.5/source/Irrlicht/MacOSX/build/Release/Irrlicht.framework" version="1.6"><component id="org.irrlichtengine.Irrlicht" path="/Users/gazdavidson/svn/irr1.5/source/Irrlicht/MacOSX/build/Release/Irrlicht.framework/Versions/1.5" version="1.6"/></component><component id="com.irrlicht.LoadIrrFile" path="/Users/gazdavidson/svn/irr1.5/source/Irrlicht/MacOSX/build/Release/LoadIrrFile.app" version="1.0" isRelocatable="true"><locator-info><token title="pkmk-token-354"><search-rule><combo identifier="com.irrlicht.LoadIrrFile" default-path="/Irrlicht/MacOSX/build/Release/LoadIrrFile.app"/></search-rule></token></locator-info></component><component id="com.irrlicht.MeshViewer" path="/Users/gazdavidson/svn/irr1.5/source/Irrlicht/MacOSX/build/Release/MeshViewer.app" version="1.0" isRelocatable="true"><locator-info><token title="pkmk-token-358"><search-rule><combo identifier="com.irrlicht.MeshViewer" default-path="/Irrlicht/MacOSX/build/Release/MeshViewer.app"/></search-rule></token></locator-info></component><component id="com.irrlicht.MouseAndJoystick" path="/Users/gazdavidson/svn/irr1.5/source/Irrlicht/MacOSX/build/Release/MouseAndJoystick.app" version="1.0" isRelocatable="true"><locator-info><token title="pkmk-token-362"><search-rule><combo identifier="com.irrlicht.MouseAndJoystick" default-path="/Irrlicht/MacOSX/build/Release/MouseAndJoystick.app"/></search-rule></token></locator-info></component><component id="com.irrlicht.Movement" path="/Users/gazdavidson/svn/irr1.5/source/Irrlicht/MacOSX/build/Release/Movement.app" version="1.0" isRelocatable="true"><locator-info><token title="pkmk-token-366"><search-rule><combo identifier="com.irrlicht.Movement" default-path="/Irrlicht/MacOSX/build/Release/Movement.app"/></search-rule></token></locator-info></component><component id="com.irrlicht.PerPixelLighting" path="/Users/gazdavidson/svn/irr1.5/source/Irrlicht/MacOSX/build/Release/PerPixelLighting.app" version="1.0" isRelocatable="true"><locator-info><token title="pkmk-token-370"><search-rule><combo identifier="com.irrlicht.PerPixelLighting" default-path="/Irrlicht/MacOSX/build/Release/PerPixelLighting.app"/></search-rule></token></locator-info></component><component id="com.irrlicht.Quake3Map" path="/Users/gazdavidson/svn/irr1.5/source/Irrlicht/MacOSX/build/Release/Quake3Map.app" version="1.0" isRelocatable="true"><locator-info><token title="pkmk-token-374"><search-rule><combo identifier="com.irrlicht.Quake3Map" default-path="/Irrlicht/MacOSX/build/Release/Quake3Map.app"/></search-rule></token></locator-info></component><component id="com.irrlicht.Quake3Shader" path="/Users/gazdavidson/svn/irr1.5/source/Irrlicht/MacOSX/build/Release/Quake3Shader.app" version="1.0" isRelocatable="true"><locator-info><token title="pkmk-token-378"><search-rule><combo identifier="com.irrlicht.Quake3Shader" default-path="/Irrlicht/MacOSX/build/Release/Quake3Shader.app"/></search-rule></token></locator-info></component><component id="com.irrlicht.RenderToTexture" path="/Users/gazdavidson/svn/irr1.5/source/Irrlicht/MacOSX/build/Release/RenderToTexture.app" version="1.0" isRelocatable="true"><locator-info><token title="pkmk-token-382"><search-rule><combo identifier="com.irrlicht.RenderToTexture" default-path="/Irrlicht/MacOSX/build/Release/RenderToTexture.app"/></search-rule></token></locator-info></component><component id="com.irrlicht.Shaders" path="/Users/gazdavidson/svn/irr1.5/source/Irrlicht/MacOSX/build/Release/Shaders.app" version="1.0" isRelocatable="true"><locator-info><token title="pkmk-token-386"><search-rule><combo identifier="com.irrlicht.Shaders" default-path="/Irrlicht/MacOSX/build/Release/Shaders.app"/></search-rule></token></locator-info></component><component id="com.irrlicht.SpecialFx" path="/Users/gazdavidson/svn/irr1.5/source/Irrlicht/MacOSX/build/Release/SpecialFx.app" version="1.0" isRelocatable="true"><locator-info><token title="pkmk-token-390"><search-rule><combo identifier="com.irrlicht.SpecialFx" default-path="/Irrlicht/MacOSX/build/Release/SpecialFx.app"/></search-rule></token></locator-info></component><component id="com.irrlicht.SplitScreen" path="/Users/gazdavidson/svn/irr1.5/source/Irrlicht/MacOSX/build/Release/SplitScreen.app" version="1.0" isRelocatable="true"><locator-info><token title="pkmk-token-394"><search-rule><combo identifier="com.irrlicht.SplitScreen" default-path="/Irrlicht/MacOSX/build/Release/SplitScreen.app"/></search-rule></token></locator-info></component><component id="com.irrlicht.TerrainRendering" path="/Users/gazdavidson/svn/irr1.5/source/Irrlicht/MacOSX/build/Release/TerrainRendering.app" version="1.0" isRelocatable="true"><locator-info><token title="pkmk-token-398"><search-rule><combo identifier="com.irrlicht.TerrainRendering" default-path="/Irrlicht/MacOSX/build/Release/TerrainRendering.app"/></search-rule></token></locator-info></component><component id="com.irrlicht.UserInterface" path="/Users/gazdavidson/svn/irr1.5/source/Irrlicht/MacOSX/build/Release/UserInterface.app" version="1.0" isRelocatable="true"><locator-info><token title="pkmk-token-402"><search-rule><combo identifier="com.irrlicht.UserInterface" default-path="/Irrlicht/MacOSX/build/Release/UserInterface.app"/></search-rule></token></locator-info></component><filter>/CVS$</filter><filter>/\.svn$</filter><filter>/\.cvsignore$</filter><filter>/\.cvspass$</filter><filter>/\.DS_Store$</filter></contents></pkgref>