<pkgref spec="1.12" uuid="C1B685D8-ECDF-4CE4-A672-82B0F1C0EC80"><config><identifier>com.irrlicht.irrlichtEngineV151.readme.pkg</identifier><version>1</version><description/><post-install type="none"/><requireAuthorization/><installFrom>/Users/gazdavidson/svn/irr1.5/readme.txt</installFrom><installTo mod="true">/private/tmp/Irrlicht1.5.1-install/</installTo><flags><followSymbolicLinks/></flags><packageStore type="internal"/><mod>parent</mod><mod>scripts.postinstall.path</mod><mod>scripts.postupgrade.isRelativeType</mod><mod>scripts.postupgrade.path</mod><mod>installTo.path</mod><mod>installTo</mod></config><scripts><postinstall relative="true" mod="true">moveAll.sh</postinstall><postupgrade relative="true" mod="true">moveAll.sh</postupgrade></scripts><contents><file-list>08readme-contents.xml</file-list><filter>/CVS$</filter><filter>/\.svn$</filter><filter>/\.cvsignore$</filter><filter>/\.cvspass$</filter><filter>/\.DS_Store$</filter></contents></pkgref>