<?xml version="1.0" encoding="utf-8"?>
<graphs>
  <graph name="Data Source and Emitters" height="100" maxvalue="20">
    <trace name="Emitters" target="Emitter" color="blue" type="count">
    </trace>
    <trace name="Data Sources" target="Data Source" color="green" type="count">
    </trace>
  </graph>
  <graph name="Emitter Playing" height="150" maxvalue="30">
    <trace name="Emitters Playing" target="Emitter" color="red" type="count">
      <condition param="state" value="1" operation="=="></condition>
    </trace>
    <trace name="Emitters BGM Playing" target="Emitter" color="gray" type="count">
      <condition param="state" value="1" operation="=="></condition>
      <condition param="groupId" value="1" operation="=="></condition>
    </trace>
    <trace name="Emitters SFX Playing" target="Emitter" color="blue" type="count">
      <condition param="state" value="1" operation="=="></condition>
      <condition param="groupId" value="2" operation="=="></condition>
    </trace>
  </graph> 
</graphs>